"","ID","Sex","Age","Participate","Q1_1_P","Q2_1_P","Q3_1_P","Q4_1_P","Q5_1_P","Q6_1_P","Q7_1_P","Q8_1_P","Q9_1_P","Q10_1_P","Q11_2_P","Q12_2_P","Q13_2_P","Q14_2_P","Q15_2_P","Q16_2_P","Q17_2_P","Q18_2_P","Q19_2_P","Q20_2_P","Q21_3_P","Q22_3_P","Q23_3_P","Q24_3_P","Q25_3_P","Q26_3_P","Q27_3_P","Q28_3_P","Q29_3_P","Q30_3_P","Q1_1_S","Q2_1_S","Q3_1_S","Q4_1_S","Q5_1_S","Q6_1_S","Q7_1_S","Q8_1_S","Q9_1_S","Q10_1_S","Q11_2_S","Q12_2_S","Q13_2_S","Q14_2_S","Q15_2_S","Q16_2_S","Q17_2_S","Q18_2_S","Q19_2_S","Q20_2_S","Q21_3_S","Q22_3_S","Q23_3_S","Q24_3_S","Q25_3_S","Q26_3_S","Q27_3_S","Q28_3_S","Q29_3_S","Q30_3_S","Q1_3_P","Q2_3_P","Q3_3_P","Q4_3_P","Q5_3_P","Q6_3_P","Q7_3_P","Q8_3_P","Q9_3_P","Q10_3_P","Q11_1_P","Q12_1_P","Q13_1_P","Q14_1_P","Q15_1_P","Q16_1_P","Q17_1_P","Q18_1_P","Q19_1_P","Q20_1_P","Q21_2_P","Q22_2_P","Q23_2_P","Q24_2_P","Q25_2_P","Q26_2_P","Q27_2_P","Q28_2_P","Q29_2_P","Q30_2_P","Q1_3_S","Q2_3_S","Q3_3_S","Q4_3_S","Q5_3_S","Q6_3_S","Q7_3_S","Q8_3_S","Q9_3_S","Q10_3_S","Q11_1_S","Q12_1_S","Q13_1_S","Q14_1_S","Q15_1_S","Q16_1_S","Q17_1_S","Q18_1_S","Q19_1_S","Q20_1_S","Q21_2_S","Q22_2_S","Q23_2_S","Q24_2_S","Q25_2_S","Q26_2_S","Q27_2_S","Q28_2_S","Q29_2_S","Q30_2_S","Q1_2_P","Q2_2_P","Q3_2_P","Q4_2_P","Q5_2_P","Q6_2_P","Q7_2_P","Q8_2_P","Q9_2_P","Q10_2_P","Q11_3_P","Q12_3_P","Q13_3_P","Q14_3_P","Q15_3_P","Q16_3_P","Q17_3_P","Q18_3_P","Q19_3_P","Q20_3_P","Q21_1_P","Q22_1_P","Q23_1_P","Q24_1_P","Q25_1_P","Q26_1_P","Q27_1_P","Q28_1_P","Q29_1_P","Q30_1_P","Q1_2_S","Q2_2_S","Q3_2_S","Q4_2_S","Q5_2_S","Q6_2_S","Q7_2_S","Q8_2_S","Q9_2_S","Q10_2_S","Q11_3_S","Q12_3_S","Q13_3_S","Q14_3_S","Q15_3_S","Q16_3_S","Q17_3_S","Q18_3_S","Q19_3_S","Q20_3_S","Q21_1_S","Q22_1_S","Q23_1_S","Q24_1_S","Q25_1_S","Q26_1_S","Q27_1_S","Q28_1_S","Q29_1_S","Q30_1_S","P_ID"
"1",1,1,35,3,"","","","","","","","","","","","","","","","","","","","","","","","","","","","","","",NA,NA,NA,NA,NA,NA,NA,NA,NA,NA,NA,NA,NA,NA,NA,NA,NA,NA,NA,NA,NA,NA,NA,NA,NA,NA,NA,NA,NA,NA,"","","","","","","","","","","","","","","","","","","","","","","","","","","","","","",NA,NA,NA,NA,NA,NA,NA,NA,NA,NA,NA,NA,NA,NA,NA,NA,NA,NA,NA,NA,NA,NA,NA,NA,NA,NA,NA,NA,NA,NA,"ジャックナイフのようだ","赤々としている","厳しくもやりがいがある","ヒラヒラ飛んでいる","川のようだ","暴力的だ","狂気だ","害ばかりだ","コロコロ綺麗だ","透き通っている","どんよりしている","豆腐のようだ","雷のようだ","コピーロボットを作る","猫可愛がりされている","難解だ","どんよりしている","清々しく美しい","無邪気だ","美味しそうに成っている","アンコントローラブルだ","止まらない","進化している","まろやかだ","偉大だ","キツイ","移ろい気味だ","義務だ","ツルツルだ","納得できるものだ",2,1,1,1,2,2,2,1,1,1,1,2,2,2,1,1,1,1,1,1,1,1,1,1,1,1,1,1,1,1,722989
"2",2,2,38,3,"","","","","","","","","","","","","","","","","","","","","","","","","","","","","","",NA,NA,NA,NA,NA,NA,NA,NA,NA,NA,NA,NA,NA,NA,NA,NA,NA,NA,NA,NA,NA,NA,NA,NA,NA,NA,NA,NA,NA,NA,"","","","","","","","","","","","","","","","","","","","","","","","","","","","","","",NA,NA,NA,NA,NA,NA,NA,NA,NA,NA,NA,NA,NA,NA,NA,NA,NA,NA,NA,NA,NA,NA,NA,NA,NA,NA,NA,NA,NA,NA,"冗談ではすまされない","美しい","大変だ","綺麗だ","進む","避けられない","ひどい","早死にする","綺麗だ","綺麗だ","あらしい","不安定な","目にもとまらぬ","活発な","最高だ","苦難だ","シンボルだ","美しい","かわいい","食べ頃だ","進む","払拭できない","丁寧だ","朗らかだ","高い","厳しい","永遠ではない","免れない","美しい","正確だ",1,1,1,1,1,1,1,1,1,1,1,1,1,1,1,1,1,1,1,1,1,1,1,1,1,1,1,1,1,1,344353
"3",3,1,40,3,"","","","","","","","","","","","","","","","","","","","","","","","","","","","","","",NA,NA,NA,NA,NA,NA,NA,NA,NA,NA,NA,NA,NA,NA,NA,NA,NA,NA,NA,NA,NA,NA,NA,NA,NA,NA,NA,NA,NA,NA,"","","","","","","","","","","","","","","","","","","","","","","","","","","","","","",NA,NA,NA,NA,NA,NA,NA,NA,NA,NA,NA,NA,NA,NA,NA,NA,NA,NA,NA,NA,NA,NA,NA,NA,NA,NA,NA,NA,NA,NA,"針のようだ","光る","難解だ","綺麗だ","大河のようだ","戦争のようだ","氷のようだ","毒だ","月のようだ","ガラスのようだ","深海のようだ","豆腐のようだ","電撃のようだ","工場のようだ","お姫様だ","難解だ","山のようだ","ガラスのようだ","天使だ","夕日のようだ","滝のようだ","風船のようだ","階段のようだ","天使のようだ","巨大だ","地獄だ","秋の空のようだ","義務だ","なめらかだ","水平線のようだ",2,1,1,1,2,2,2,1,2,2,2,2,2,2,2,1,2,2,2,2,2,2,2,2,1,2,2,1,1,2,737200
"4",4,1,41,3,"","","","","","","","","","","","","","","","","","","","","","","","","","","","","","",NA,NA,NA,NA,NA,NA,NA,NA,NA,NA,NA,NA,NA,NA,NA,NA,NA,NA,NA,NA,NA,NA,NA,NA,NA,NA,NA,NA,NA,NA,"","","","","","","","","","","","","","","","","","","","","","","","","","","","","","",NA,NA,NA,NA,NA,NA,NA,NA,NA,NA,NA,NA,NA,NA,NA,NA,NA,NA,NA,NA,NA,NA,NA,NA,NA,NA,NA,NA,NA,NA,"ナイフのようだ","燃えている","壮大だ","ダンスする","とどまらない","雪崩のようだ","先鋭的だ","体に毒だ","きれいな球体だ","ガラスのようだ","重苦しい","豆腐のようだ","雷のようだ","工場のようだ","お姫様のようだ","難解だ","ビルのようだ","宝石のようだ","天使のようだ","実っている","とどまることを知らない","風船のようだ","階段のようだ","穏やかだ","壮大だ","苦しい","点々としている","続いていく","まだつぼみだ","正しい",2,2,1,2,1,2,1,1,1,2,1,2,2,2,2,1,2,2,2,1,1,2,2,1,1,1,1,1,2,1,332225
"5",5,1,22,3,"","","","","","","","","","","","","","","","","","","","","","","","","","","","","","",NA,NA,NA,NA,NA,NA,NA,NA,NA,NA,NA,NA,NA,NA,NA,NA,NA,NA,NA,NA,NA,NA,NA,NA,NA,NA,NA,NA,NA,NA,"","","","","","","","","","","","","","","","","","","","","","","","","","","","","","",NA,NA,NA,NA,NA,NA,NA,NA,NA,NA,NA,NA,NA,NA,NA,NA,NA,NA,NA,NA,NA,NA,NA,NA,NA,NA,NA,NA,NA,NA,"ナイフのようだ","とても美しい","やりがいがある","鮮やかに飛び立つ","進み続ける","大きな影響を及ぼしている","辛辣だ","健康に悪い","球体のようだ","ガラスのようだ","陰鬱な雰囲気だ","壊れやすい","閃光のようだ","工場のようだ","まるで箱入り娘だ","呪文が書かれているように思える","大きな柱だ","鮮やかで美しい","純粋だ","赤い球体だ","制御できない","雪だるまのように大きくなる","少しずつ進んでいく","涼やかだ","雄大だ","きつい","すぐに変化する","支払われる必要がある","角がない","公明正大だ",2,1,1,1,1,1,1,1,2,2,3,1,2,2,2,2,2,1,1,2,1,2,1,1,1,1,1,1,1,3,798933
"6",6,1,46,2,"","","","","","","","","","","","","","","","","","","","","","","","","","","","","","",NA,NA,NA,NA,NA,NA,NA,NA,NA,NA,NA,NA,NA,NA,NA,NA,NA,NA,NA,NA,NA,NA,NA,NA,NA,NA,NA,NA,NA,NA,"凶器です","熱い","無限地獄である","遠くまで飛ぶ","光速です","破裂する","痛い","黒い","白い","神々しい","濁ってる","ハリボテである","インパクトです","農場だ","ふ","ちんぷんかんぷんだ","ふわふわしてる","どこまでも続く","輝いてる","ふてぶてしい","激流だ","膨張する","石橋だな","ぬめりがある","どでかい","地獄です","無限です","つきまとう","かわいい","壁である",2,1,2,1,2,1,1,2,1,1,1,1,1,2,3,1,3,1,1,1,1,1,2,1,1,2,1,1,1,2,"","","","","","","","","","","","","","","","","","","","","","","","","","","","","","",NA,NA,NA,NA,NA,NA,NA,NA,NA,NA,NA,NA,NA,NA,NA,NA,NA,NA,NA,NA,NA,NA,NA,NA,NA,NA,NA,NA,NA,NA,519690
"7",7,1,50,1,"ナイフのようだ","サクランボのようんだ","夜道のようだ","宝石のようだ","壊れたダンプだ","火花のようだ","拳銃のようだ","時限爆弾だ","朝露のようだ","ガラスのようだ","暗闇だ","豆腐のようだ","地震のようだ","マッチ箱のようだ","我が子のようだ","暗号のようだ","電柱のようだ","宝石のようだ","子猫のようだ","夕日のようだ","竜巻のようだ","深淵のようだ","階段のようだ","カーテンのようだ","不動明王のようだ","地獄のようだ","波のようだ","足枷のようだ","線香花火のようだ","定規のようだ",2,2,2,2,2,2,2,2,2,2,2,2,2,2,2,2,2,2,2,2,2,2,2,2,2,2,2,2,2,2,"","","","","","","","","","","","","","","","","","","","","","","","","","","","","","",NA,NA,NA,NA,NA,NA,NA,NA,NA,NA,NA,NA,NA,NA,NA,NA,NA,NA,NA,NA,NA,NA,NA,NA,NA,NA,NA,NA,NA,NA,"","","","","","","","","","","","","","","","","","","","","","","","","","","","","","",NA,NA,NA,NA,NA,NA,NA,NA,NA,NA,NA,NA,NA,NA,NA,NA,NA,NA,NA,NA,NA,NA,NA,NA,NA,NA,NA,NA,NA,NA,405547
"8",8,2,36,3,"","","","","","","","","","","","","","","","","","","","","","","","","","","","","","",NA,NA,NA,NA,NA,NA,NA,NA,NA,NA,NA,NA,NA,NA,NA,NA,NA,NA,NA,NA,NA,NA,NA,NA,NA,NA,NA,NA,NA,NA,"","","","","","","","","","","","","","","","","","","","","","","","","","","","","","",NA,NA,NA,NA,NA,NA,NA,NA,NA,NA,NA,NA,NA,NA,NA,NA,NA,NA,NA,NA,NA,NA,NA,NA,NA,NA,NA,NA,NA,NA,"ナイフのようだ。","円形で、燃えるようだ。","難しいが成功したときに得られるものは多い。","ひらひらと飛ぶ","過ぎ去ってゆく","まるで嵐だ。","人の心をえぐる。","命を脅かす恐れがある","形が整っていてきれいだ","ガラスのようだ","重苦しい","角砂糖のようだ","電のようだ。","型にはまった人間を量産する","溺愛されている","難解だ","グレーでスッとそびえている","晴れ渡っている","天使のようだ","完熟して枝になっている","怒涛の勢いだ","留まるところをしらない","ステップアップしていく","心地よい","高く、すそ野も広い","激務だ","気まぐれだ","絶対に支払うべきものだ","柔らかい形をしている","職務に忠実だ",2,1,1,1,1,2,1,1,1,2,1,2,2,1,1,1,1,1,2,1,1,1,1,1,1,1,1,1,1,1,542876
"9",9,2,27,2,"","","","","","","","","","","","","","","","","","","","","","","","","","","","","","",NA,NA,NA,NA,NA,NA,NA,NA,NA,NA,NA,NA,NA,NA,NA,NA,NA,NA,NA,NA,NA,NA,NA,NA,NA,NA,NA,NA,NA,NA,"悪い意味で相手の心に残る","日の丸のようだ","たくさんの苦労が必要だが大きな達成感を得られる","風に舞う花びらのようだ","川のようだ","嵐のようだ","刃物のように傷つける","命を燃やすものだ","整った形できれいだ","素敵で儚い","重苦しい","年季が入っている","花火のようだ","マンモス校だ","愛らしい","複雑だ","棒のようだ","チリ一つない","愛嬌がある","形がいい","燃えている","隠すことができない","徐々に進めていく","心地よい","そこに鎮座している","終われば楽になる","ころがる","ついて回る義務だ","綺麗な花を咲かせている","職務を全うしている",1,2,1,2,2,2,2,2,1,2,2,1,2,1,1,1,2,2,1,1,2,1,1,1,1,1,2,1,1,1,"","","","","","","","","","","","","","","","","","","","","","","","","","","","","","",NA,NA,NA,NA,NA,NA,NA,NA,NA,NA,NA,NA,NA,NA,NA,NA,NA,NA,NA,NA,NA,NA,NA,NA,NA,NA,NA,NA,NA,NA,112914
"10",10,1,31,2,"","","","","","","","","","","","","","","","","","","","","","","","","","","","","","",NA,NA,NA,NA,NA,NA,NA,NA,NA,NA,NA,NA,NA,NA,NA,NA,NA,NA,NA,NA,NA,NA,NA,NA,NA,NA,NA,NA,NA,NA,"鋭利な刃物だ","ルビーだ","山登りだ","踊り子だ","通り過ぎる","奇襲的だ","的を得ている","儚い","鏡のようだ","芸術的だ","怪しい","危険だ","花火のようだ","巨大だ","無垢だ","難問だ","直線的だ","青い","天使だ","瑞々しい","猪突猛進だ","先が見えない","階段だ","心地よい","落ち着いている","監獄だ","揺れ動く","普段通りだ","林檎のようだ","清廉潔白だ",2,2,2,2,1,1,1,1,1,1,1,1,2,1,1,1,1,1,2,1,2,1,2,1,1,2,1,1,2,1,"","","","","","","","","","","","","","","","","","","","","","","","","","","","","","",NA,NA,NA,NA,NA,NA,NA,NA,NA,NA,NA,NA,NA,NA,NA,NA,NA,NA,NA,NA,NA,NA,NA,NA,NA,NA,NA,NA,NA,NA,514334
"11",11,1,45,1,"ナイフのようだ","テニスボールのようだ","いばらの道だ","ダイアモンドのようだ","永遠に続く","嵐のようだ","鋭い","ガンだ","玉のようだ","透き通るようだ","薄暗い","氷のようだ","またたく間だ","杓子定規だ","お人形のようだ","難解だ","そびえ立っている","青く突き抜ける","エンジェルだ","熟れている","津波のようだ","バブルのようだ","積み木のようだ","ぬるい","そびえ立つ","監獄のようだ","秋空のようだ","しつこくつきまとう","可憐だ","毅然としている",2,2,2,2,1,2,1,2,2,1,1,2,1,2,2,1,1,1,2,1,2,2,2,1,1,2,2,1,1,1,"","","","","","","","","","","","","","","","","","","","","","","","","","","","","","",NA,NA,NA,NA,NA,NA,NA,NA,NA,NA,NA,NA,NA,NA,NA,NA,NA,NA,NA,NA,NA,NA,NA,NA,NA,NA,NA,NA,NA,NA,"","","","","","","","","","","","","","","","","","","","","","","","","","","","","","",NA,NA,NA,NA,NA,NA,NA,NA,NA,NA,NA,NA,NA,NA,NA,NA,NA,NA,NA,NA,NA,NA,NA,NA,NA,NA,NA,NA,NA,NA,654118
"12",12,2,44,1,"刃のように刺してくる","円形だ","茨の道だ","見とれてしまう","流れていく","激化している","刃のように刺す","体に悪い","見とれてしまう","見入ってしまう","立ち込めている","四角いがぜい弱だ","唐突に光の速さで来る","多くの人が同じようだ","溺愛されて可愛い","理解できない","堅牢で垂直だ","清らかで美しい","純粋でいとおしい","円形で熟れている","猛突直進で人を犠牲にする","甚大で難儀だ","階段を着実に登っている","柔和だ","巨大で動じず険しい","ハードで避けたいが迷い込む","反復して移ろいやすくハードだ","繰り返され逃げられない重責である","円形で熟れており寂しげだ","フラットで依怙贔屓なしに判別される",2,1,1,3,1,1,2,1,2,1,1,1,2,1,1,1,1,2,1,1,1,1,2,1,1,2,1,2,3,1,"","","","","","","","","","","","","","","","","","","","","","","","","","","","","","",NA,NA,NA,NA,NA,NA,NA,NA,NA,NA,NA,NA,NA,NA,NA,NA,NA,NA,NA,NA,NA,NA,NA,NA,NA,NA,NA,NA,NA,NA,"","","","","","","","","","","","","","","","","","","","","","","","","","","","","","",NA,NA,NA,NA,NA,NA,NA,NA,NA,NA,NA,NA,NA,NA,NA,NA,NA,NA,NA,NA,NA,NA,NA,NA,NA,NA,NA,NA,NA,NA,665592
"13",13,2,42,3,"","","","","","","","","","","","","","","","","","","","","","","","","","","","","","",NA,NA,NA,NA,NA,NA,NA,NA,NA,NA,NA,NA,NA,NA,NA,NA,NA,NA,NA,NA,NA,NA,NA,NA,NA,NA,NA,NA,NA,NA,"","","","","","","","","","","","","","","","","","","","","","","","","","","","","","",NA,NA,NA,NA,NA,NA,NA,NA,NA,NA,NA,NA,NA,NA,NA,NA,NA,NA,NA,NA,NA,NA,NA,NA,NA,NA,NA,NA,NA,NA,"ナイフのようだ","お日様みたいだ","完璧に仕上げた","女王のようだ","無駄になった","竜巻のようだ","ナイフのように突き刺さる","死に値する","お月様のようだ","宝石のようだ","暗黒のようだ","髪の箱のようだ","雷に打たれたようだ","機械的だ","女王様のようだ","悪魔だ","暗黒のようだ","天使が住んでいる","無邪気だ","熟れすぎている","危険だ","洪水のようだ","慎重だ","心地よい","父の背中のようだ","危険だ","儚い","難しくなっていく","柔い","信用できる",2,2,2,2,1,2,2,1,2,2,2,2,1,2,2,1,2,2,1,2,2,2,1,2,2,1,1,1,2,1,521347
"14",14,2,46,1,"ナイフのようだ","お盆のようだ","孤独な闘いだ","魅力的だ","川のようだ","激烈だ","攻撃的だ","死神のようだ","息をのむ美しさだ","キラキラまぶしい","鉛色だ","壊れそうだ","刹那的だ","何の変哲もない","愛されて幸せだ","暗号のようだ","細く長くたなびいている","水晶のようだ","純粋だ","美味しそうだ","台風のようだ","黒い雲のようだ","人の歩みに似ている","かすかな暖かさを感じる","威厳がある","過酷だ","激情的で移ろいやすい","重い足枷のようだ","人の命の火のようだ","常に正しく判断だ",2,2,1,1,2,1,1,2,1,1,2,1,1,1,1,2,1,2,1,1,2,2,2,1,1,1,1,2,2,1,"","","","","","","","","","","","","","","","","","","","","","","","","","","","","","",NA,NA,NA,NA,NA,NA,NA,NA,NA,NA,NA,NA,NA,NA,NA,NA,NA,NA,NA,NA,NA,NA,NA,NA,NA,NA,NA,NA,NA,NA,"","","","","","","","","","","","","","","","","","","","","","","","","","","","","","",NA,NA,NA,NA,NA,NA,NA,NA,NA,NA,NA,NA,NA,NA,NA,NA,NA,NA,NA,NA,NA,NA,NA,NA,NA,NA,NA,NA,NA,NA,364221
"15",15,1,51,1,"切れ味がある","鞠のようだ","困難をきわめる","華麗だ","流れていく","爆発的だ","刃物のようだ","危険だ","神々しい","ガラス細工だ","どんよりしている","豆腐のようだ","突発的だ","軍隊のようだ","溺愛されている","暗号だ","棒のようだ","秋の空だ","天使だ","提灯のようだ","暴動だ","一人歩きしている","堅実だ","春風だ","威圧的だ","牢獄だ","自由奔放だ","のしかかる","線香花火だ","神のジャッジだ",1,2,1,1,1,2,2,3,1,2,3,2,1,2,1,2,2,2,2,2,1,3,1,2,1,2,3,1,2,2,"","","","","","","","","","","","","","","","","","","","","","","","","","","","","","",NA,NA,NA,NA,NA,NA,NA,NA,NA,NA,NA,NA,NA,NA,NA,NA,NA,NA,NA,NA,NA,NA,NA,NA,NA,NA,NA,NA,NA,NA,"","","","","","","","","","","","","","","","","","","","","","","","","","","","","","",NA,NA,NA,NA,NA,NA,NA,NA,NA,NA,NA,NA,NA,NA,NA,NA,NA,NA,NA,NA,NA,NA,NA,NA,NA,NA,NA,NA,NA,NA,537727
"16",16,2,33,1,"とげがある","まんまるい","山あり谷ありだ","綺麗だ","一瞬だ","手が付けられない","心をえぐる","不健康にする","輝いている","凛としている","どんよりとしている","がたが来ている","不意打ちだ","大勢が統一されている","ふわふわ","ぐちゃぐちゃだ","冷たくそびえたつ","真っ青だ","天使のようだ","熟している","凶器だ","底なしだ","丁寧だ","心地よい","りっぱだ","地獄だ","猟奇的だ","足かせだ","はかなく壊れそうだ","神的だ",2,1,2,1,1,1,2,1,1,1,1,1,1,1,1,1,2,1,2,1,2,2,1,1,1,2,1,1,2,2,"","","","","","","","","","","","","","","","","","","","","","","","","","","","","","",NA,NA,NA,NA,NA,NA,NA,NA,NA,NA,NA,NA,NA,NA,NA,NA,NA,NA,NA,NA,NA,NA,NA,NA,NA,NA,NA,NA,NA,NA,"","","","","","","","","","","","","","","","","","","","","","","","","","","","","","",NA,NA,NA,NA,NA,NA,NA,NA,NA,NA,NA,NA,NA,NA,NA,NA,NA,NA,NA,NA,NA,NA,NA,NA,NA,NA,NA,NA,NA,NA,540583
"17",17,1,39,2,"","","","","","","","","","","","","","","","","","","","","","","","","","","","","","",NA,NA,NA,NA,NA,NA,NA,NA,NA,NA,NA,NA,NA,NA,NA,NA,NA,NA,NA,NA,NA,NA,NA,NA,NA,NA,NA,NA,NA,NA,"ナイフのようだ","太陽のようだ","RPGのようだ","優雅だ","逆流だ","パンデミックだ","電流のようだ","麻薬だ","雫のようだ","ガラスのようだ","よどんでいる","危うい","あっという間だ","大勢だ","愛おしい","意味不明だ","そびえ立っている","みずみずしい","天使だ","ボールだ","滝のようだ","風船のようだ","試練だ","柔らかい","不動だ","ブラックホールだ","挙動不審だ","年貢だ","リンゴのようだ","正確だ",2,2,2,1,2,2,2,2,2,2,1,1,1,1,1,1,1,1,2,2,2,2,3,1,3,2,3,2,2,1,"","","","","","","","","","","","","","","","","","","","","","","","","","","","","","",NA,NA,NA,NA,NA,NA,NA,NA,NA,NA,NA,NA,NA,NA,NA,NA,NA,NA,NA,NA,NA,NA,NA,NA,NA,NA,NA,NA,NA,NA,832182
"18",18,1,47,3,"","","","","","","","","","","","","","","","","","","","","","","","","","","","","","",NA,NA,NA,NA,NA,NA,NA,NA,NA,NA,NA,NA,NA,NA,NA,NA,NA,NA,NA,NA,NA,NA,NA,NA,NA,NA,NA,NA,NA,NA,"","","","","","","","","","","","","","","","","","","","","","","","","","","","","","",NA,NA,NA,NA,NA,NA,NA,NA,NA,NA,NA,NA,NA,NA,NA,NA,NA,NA,NA,NA,NA,NA,NA,NA,NA,NA,NA,NA,NA,NA,"人をびっくりさせるが素晴らしい","まん丸と煌びやかに見える","難しいがやりがいがある","綺麗に飛んでいる","静かに川の流れのように進む","地震のように人を戸惑わせる","人を戸惑わせるが凄い","体に悪く不健康だ","煌びやかで円形をしている","透き通るような美しさだ","薄暗く黒も混ざっている","弱く白くて四角い形状だ","圧倒言う間にきて怖い","人間が多くて人を人をどんどん生む","キュートで過保護に育てられてるせいか天真爛漫だ","大変難解で読む事ができない","直立で立ちグレーがかった色をしている","美しくまばゆいばかりの光を放つ","めんこくて純粋で癒しをくれる","真っ赤で丸くてぶらぶらと下がっている","食い止める事ができない","増長される","ゆっくり伸びていく","川の流れのように穏やかだ","大変ビッグだ","キツい","変化していく","払う義務がある","ボールのような形をしている","フェアだ",3,2,3,3,2,3,3,2,1,3,2,3,2,3,1,3,1,3,1,1,1,3,2,3,1,3,3,3,3,3,650868
"19",19,1,45,2,"","","","","","","","","","","","","","","","","","","","","","","","","","","","","","",NA,NA,NA,NA,NA,NA,NA,NA,NA,NA,NA,NA,NA,NA,NA,NA,NA,NA,NA,NA,NA,NA,NA,NA,NA,NA,NA,NA,NA,NA,"本当にキツイ。","燃えている。","前途多難である。","可憐に舞う。","ただただ過ぎゆく。","一気に爆発する。","痛烈だ。","良いことはない。","エメラルグリーンだ。","本当にきれいだ。","どんよりしている。","危険だ。","一刻であった。","通っている人が多い。","愛らしい。","理解不能だ。","直立不動の状態である。","青色だ。","愛らしい。","太っている。","破竹である。","疑わしい。","ストーリー性がある。","機微がある。","どっしりしている。","一苦労だ。","誠実さに欠ける。","ずっとかかる状態だ。","萌えている。","素晴らしい。",1,2,1,1,1,1,1,1,2,1,1,1,1,1,1,1,1,2,1,2,1,1,1,1,1,1,1,1,2,1,"","","","","","","","","","","","","","","","","","","","","","","","","","","","","","",NA,NA,NA,NA,NA,NA,NA,NA,NA,NA,NA,NA,NA,NA,NA,NA,NA,NA,NA,NA,NA,NA,NA,NA,NA,NA,NA,NA,NA,NA,645724
"20",20,2,27,2,"","","","","","","","","","","","","","","","","","","","","","","","","","","","","","",NA,NA,NA,NA,NA,NA,NA,NA,NA,NA,NA,NA,NA,NA,NA,NA,NA,NA,NA,NA,NA,NA,NA,NA,NA,NA,NA,NA,NA,NA,"きつい","美しい","ほかの人にはまねできない","プリンセスのようだ","一瞬だ","突発した","えぐい","身を亡ぼす","水晶のようだ","ガラス細工のようだ","どんよりしている","崩れそうだ","瞬く間に起こった","マンモス校だ","愛らしい","読めない","天に刺さるようだ","青い","目に入れてもいたくない","おいしそう","進撃している","ぬぐえない","ステップアップだ","包み込むようだ","ドンとしている","ブラックだ","秋の空","しつこい","美しい","中立だ",1,1,1,2,1,1,1,2,2,2,1,1,1,2,1,1,2,1,2,1,1,1,1,2,1,2,2,1,1,1,"","","","","","","","","","","","","","","","","","","","","","","","","","","","","","",NA,NA,NA,NA,NA,NA,NA,NA,NA,NA,NA,NA,NA,NA,NA,NA,NA,NA,NA,NA,NA,NA,NA,NA,NA,NA,NA,NA,NA,NA,543457
"21",21,1,50,2,"","","","","","","","","","","","","","","","","","","","","","","","","","","","","","",NA,NA,NA,NA,NA,NA,NA,NA,NA,NA,NA,NA,NA,NA,NA,NA,NA,NA,NA,NA,NA,NA,NA,NA,NA,NA,NA,NA,NA,NA,"鋭い刃物のようだ","赤信号のようだ","雪山登山のようだ","踊り子のようだ","渓流の水のようだ","濁流のようだ","ナイフのようだ","導火線のようだ","ビー玉のようだ","ガラス細工のようだ","色がグレーだ","壊れやすい","刹那の出来事だ","人が大勢いる","キュートだ","解読不能だ","直立している","透明度が高い","愛らしい","球形をしている","雪崩のようだ","膨らむ風船のようだ","階段を上るようだ","流れるぬるま湯のようだ","岩石のようだ","蟻地獄のようだ","季節のようだ","税金のようだ","トマトのようだ","正確な天秤のようだ",2,2,2,2,2,2,2,2,2,2,1,1,1,1,1,1,1,1,1,1,2,2,2,2,2,2,2,2,2,2,"","","","","","","","","","","","","","","","","","","","","","","","","","","","","","",NA,NA,NA,NA,NA,NA,NA,NA,NA,NA,NA,NA,NA,NA,NA,NA,NA,NA,NA,NA,NA,NA,NA,NA,NA,NA,NA,NA,NA,NA,275590
"22",22,1,43,3,"","","","","","","","","","","","","","","","","","","","","","","","","","","","","","",NA,NA,NA,NA,NA,NA,NA,NA,NA,NA,NA,NA,NA,NA,NA,NA,NA,NA,NA,NA,NA,NA,NA,NA,NA,NA,NA,NA,NA,NA,"","","","","","","","","","","","","","","","","","","","","","","","","","","","","","",NA,NA,NA,NA,NA,NA,NA,NA,NA,NA,NA,NA,NA,NA,NA,NA,NA,NA,NA,NA,NA,NA,NA,NA,NA,NA,NA,NA,NA,NA,"ナイフのようだ","赤いキャンディのようだ","断崖絶壁を上る登山のようだ","踊っているようだ","川の流れのようだ","竜巻のようだ","鋭い刃物のようだ","毒だ","玉のようだ","宝石のようだ","奈落のようだ","豆腐のようだ","雷のようだ","工場のラインのようだ","お姫様だ","難解だ","タバコのようだ","美しい光を映し出す","純粋だ","赤い玉だ","濁流のようだ","深まる","階段のようだ","穏やかだ","壮大だ","地獄のようだ","季節のようだ","絶対だ","まんまるだ","正義だ",2,2,2,2,2,2,2,2,2,2,2,2,2,2,2,1,2,3,3,1,2,1,2,1,1,2,2,3,1,1,813782
"23",23,2,31,2,"","","","","","","","","","","","","","","","","","","","","","","","","","","","","","",NA,NA,NA,NA,NA,NA,NA,NA,NA,NA,NA,NA,NA,NA,NA,NA,NA,NA,NA,NA,NA,NA,NA,NA,NA,NA,NA,NA,NA,NA,"攻撃的だ","オレンジのように輝いている","大変な分達成感がある","まぶしく舞っている","無限に進んでいる","突如大きく人を巻き込んだ","攻撃的だ","命を短くする","透明感がありきれいである","細く輝いている","グレーだ","弱い","すぐ発生した","にぎわっている","愛らしい","難しい","もくもくしている","クリアだ","いとおしい","コロンとしている","活性化している","膨張している","つみきのようだ","ぬくい","どんとしている","苦しい","コロコロかわる","逃れられない","赤くコロンとしている","誰に対しても同じだ",1,2,1,1,1,1,1,1,1,1,1,1,1,1,1,1,1,1,1,1,1,1,1,1,1,1,1,1,1,1,"","","","","","","","","","","","","","","","","","","","","","","","","","","","","","",NA,NA,NA,NA,NA,NA,NA,NA,NA,NA,NA,NA,NA,NA,NA,NA,NA,NA,NA,NA,NA,NA,NA,NA,NA,NA,NA,NA,NA,NA,177569
"24",24,2,41,2,"","","","","","","","","","","","","","","","","","","","","","","","","","","","","","",NA,NA,NA,NA,NA,NA,NA,NA,NA,NA,NA,NA,NA,NA,NA,NA,NA,NA,NA,NA,NA,NA,NA,NA,NA,NA,NA,NA,NA,NA,"キツい","トマトのようだ","茨の道だ","プリンセスのようだ","川の流れのようだ","急な嵐のようだ","ナイフのようだ","爆弾のようだ","天使の涙のようだ","ガラス細工のようだ","暗い","倒壊の危険性がある","稲妻のようだ","マンモス校だ","愛くるしい","難解だ","スッと空まで伸びている","キレイで吸い込まれそうだ","可愛らしい","丸々としている","爆風のようだ","風船のようだ","階段のようだ","吐息のようだ","巨大だ","修行のようだ","四季のようだ","年貢のようだ","ルビーのようだ","真っ当だ",1,2,2,2,2,2,2,2,2,2,1,1,2,3,1,1,3,3,1,1,2,2,2,2,1,2,2,2,2,1,"","","","","","","","","","","","","","","","","","","","","","","","","","","","","","",NA,NA,NA,NA,NA,NA,NA,NA,NA,NA,NA,NA,NA,NA,NA,NA,NA,NA,NA,NA,NA,NA,NA,NA,NA,NA,NA,NA,NA,NA,151411
"25",25,2,30,3,"","","","","","","","","","","","","","","","","","","","","","","","","","","","","","",NA,NA,NA,NA,NA,NA,NA,NA,NA,NA,NA,NA,NA,NA,NA,NA,NA,NA,NA,NA,NA,NA,NA,NA,NA,NA,NA,NA,NA,NA,"","","","","","","","","","","","","","","","","","","","","","","","","","","","","","",NA,NA,NA,NA,NA,NA,NA,NA,NA,NA,NA,NA,NA,NA,NA,NA,NA,NA,NA,NA,NA,NA,NA,NA,NA,NA,NA,NA,NA,NA,"ナイフのようだ","電球のようだ","山に登るようだ","踊り子のようだ","川の流れのようだ","竜巻のようだ","刃物のようだ","毒薬のようだ","太陽のようだ","水晶のようだ","煙のようだ","豆腐のようだ","電気が走ったようだ","工場のようだ","愛されている","哲学書のように難解だ","電柱のようだ","水のようだ","天使のようだ","さくらんぼのようだ","災害のようだ","風船のようだ","階段のようだ","柔らかい","巨大だ","心が折れる","季節のようだ","税金のようだ","ビー玉のようだ","平等だ",2,2,2,2,2,2,2,2,2,2,2,2,2,2,1,2,2,2,2,2,2,2,2,1,1,1,2,2,2,1,628213
"26",26,2,36,1,"ナイフのようだ","円形だ","いばらの道だ","きれいだ","永遠ではない","勢いがある","思いやりがない","毒だ","輝いている","風情がある","嵐の前触れだ","古い","雷のようだ","人気がある","アイドルのようだ","難しい","立派だ","美しい","無邪気だ","熟している","竜巻のようだ","黒煙のようだ","慎重だ","木漏れ日のようだ","存在感がある","ブラックだ","季節のようだ","鉛のようだ","趣がある","正当だ",2,1,1,1,1,1,1,2,1,1,1,1,2,1,2,1,1,1,1,1,2,2,1,2,1,3,2,2,1,1,"","","","","","","","","","","","","","","","","","","","","","","","","","","","","","",NA,NA,NA,NA,NA,NA,NA,NA,NA,NA,NA,NA,NA,NA,NA,NA,NA,NA,NA,NA,NA,NA,NA,NA,NA,NA,NA,NA,NA,NA,"","","","","","","","","","","","","","","","","","","","","","","","","","","","","","",NA,NA,NA,NA,NA,NA,NA,NA,NA,NA,NA,NA,NA,NA,NA,NA,NA,NA,NA,NA,NA,NA,NA,NA,NA,NA,NA,NA,NA,NA,860380
"27",27,1,50,2,"","","","","","","","","","","","","","","","","","","","","","","","","","","","","","",NA,NA,NA,NA,NA,NA,NA,NA,NA,NA,NA,NA,NA,NA,NA,NA,NA,NA,NA,NA,NA,NA,NA,NA,NA,NA,NA,NA,NA,NA,"鋭い刃だ","ルビーの様だ","高い山に登るようだ","艶やかだ","元に戻らない","嵐の様だ","刃だ","健康を害する","水晶の様だ","儚い","どんよりしている","危険だ","アッという間だ","マンモス校だ","キュートだ","難しい","屹立している","美しい","愛らしい","きれいな形だ","暴風の様だ","どこまで続くかわからない","日々の鍛錬だ","心地よい","不動だ","宿命だ","いくつもある","継続的なものだ","見事だ","信頼できる",2,2,2,1,3,2,2,1,2,2,2,1,2,1,1,3,1,1,1,1,2,1,1,3,2,2,3,3,3,1,"","","","","","","","","","","","","","","","","","","","","","","","","","","","","","",NA,NA,NA,NA,NA,NA,NA,NA,NA,NA,NA,NA,NA,NA,NA,NA,NA,NA,NA,NA,NA,NA,NA,NA,NA,NA,NA,NA,NA,NA,931300
"28",28,1,28,1,"人を貶す","ボールのようだ","難しいことばかりだ","可憐だ","止まることを知らない","激化している","人を貶す","命を短くする","宝石のようだ","綺麗だ","暗闇のようだ","老化していて四角い","突如として来る","人は多いが、個性はない","魅力があり大切に育てられている","譜面を読むことができない","真っすぐで丈夫だ","透き通っていて美しい","可愛らしく純粋だ","赤いボールのようだ","静まることはなく激化して人を巻き込む","風船のように膨らみ手がつけられない","わかりやすく慎重に進んでいる","穏やかで心地よく儚い","立派で存在感がある","辛くずっと付きまとってくる","すぐに気が変わり衝動的だ","この先も払わなくてはいけなく、圧し掛かってくるようだ","形が整っていて赤く、可憐だ","正当に判断されることだ",1,2,1,1,1,1,1,1,2,1,1,1,1,1,1,1,1,1,1,2,1,2,1,1,1,1,1,1,2,1,"","","","","","","","","","","","","","","","","","","","","","","","","","","","","","",NA,NA,NA,NA,NA,NA,NA,NA,NA,NA,NA,NA,NA,NA,NA,NA,NA,NA,NA,NA,NA,NA,NA,NA,NA,NA,NA,NA,NA,NA,"","","","","","","","","","","","","","","","","","","","","","","","","","","","","","",NA,NA,NA,NA,NA,NA,NA,NA,NA,NA,NA,NA,NA,NA,NA,NA,NA,NA,NA,NA,NA,NA,NA,NA,NA,NA,NA,NA,NA,NA,583032
"29",29,1,40,3,"","","","","","","","","","","","","","","","","","","","","","","","","","","","","","",NA,NA,NA,NA,NA,NA,NA,NA,NA,NA,NA,NA,NA,NA,NA,NA,NA,NA,NA,NA,NA,NA,NA,NA,NA,NA,NA,NA,NA,NA,"","","","","","","","","","","","","","","","","","","","","","","","","","","","","","",NA,NA,NA,NA,NA,NA,NA,NA,NA,NA,NA,NA,NA,NA,NA,NA,NA,NA,NA,NA,NA,NA,NA,NA,NA,NA,NA,NA,NA,NA,"強烈だ","まぶしい","壮大だ","躍動している","どうにもならない","恐ろしい","えぐい","爆弾だ","見飽きない","きれいに凍っている","もうすぐ降りそうだ","壊れそうで危ない","とても大きい","没個性的だ","気まぐれな王女様だ","イラつく","頑丈そのものだ","大自然そのものだ","清純だ","成熟している","恐ろしい","限りなく黒に近い","一気に片付かない","弱い","征服するには手ごわい","厳しい","きまぐれだ","強制的だ","見たまんまだ","信頼できる",3,1,3,3,3,1,3,2,3,3,3,3,1,1,2,1,3,2,1,3,1,3,3,3,3,1,3,1,3,1,243752
"30",30,1,49,1,"人を悲しませる","まん丸だ","長い道のりだ","きれいだ","進んでいく","痛ましい","人の心を刺す","命を短くする","輝かしい","きれいだ","今にも雨が降りそうだ","壊れやすく、長方形だ","瞬く間におとづれた","大勢の似た者同士がいる","愛らしく大事にされている","何を表しているのかわからない","堅く垂直に立っている","雲ひとつなく、遠くまでよく見える","純粋でかわいらしい","赤く、丸い","暴走していて、人に迷惑をかけている","可能性が高くなり、困ったものだ","一歩ずつ段階的に積み重ねている","さわやかで、ほどよく暖かい","堂々と立っている","大変で、回避できない状況にある","転々と鋭く繰り返している","支払いが続くので、負担が重い","赤くて丸いが、見頃が短い期間だ","公正に判断する",2,1,2,2,2,2,2,2,2,2,2,1,2,2,2,2,2,2,2,1,2,1,1,2,2,2,1,2,2,2,"","","","","","","","","","","","","","","","","","","","","","","","","","","","","","",NA,NA,NA,NA,NA,NA,NA,NA,NA,NA,NA,NA,NA,NA,NA,NA,NA,NA,NA,NA,NA,NA,NA,NA,NA,NA,NA,NA,NA,NA,"","","","","","","","","","","","","","","","","","","","","","","","","","","","","","",NA,NA,NA,NA,NA,NA,NA,NA,NA,NA,NA,NA,NA,NA,NA,NA,NA,NA,NA,NA,NA,NA,NA,NA,NA,NA,NA,NA,NA,NA,313629
"31",31,1,52,2,"","","","","","","","","","","","","","","","","","","","","","","","","","","","","","",NA,NA,NA,NA,NA,NA,NA,NA,NA,NA,NA,NA,NA,NA,NA,NA,NA,NA,NA,NA,NA,NA,NA,NA,NA,NA,NA,NA,NA,NA,"ナイフのようだ","情熱的だ","登山だ","華麗だ","川のようだ","濁流だ","刃物のようだ","毒である","涙のようだ","もろい","暗い","繊細だ","稲妻だ","イモ洗い状態だ","手放せない","つかめない","直立不動だ","真っ青だ","可憐だ","太陽だ","無敵だ","雨雲だ","着実だ","心地よい","ふてぶてしい","袋小路だ","ふわふわしている","奴隷だ","太陽だ","裏表がない",2,2,2,1,2,2,2,2,2,1,1,1,2,2,3,1,1,1,1,2,2,2,1,1,1,2,2,2,2,1,"","","","","","","","","","","","","","","","","","","","","","","","","","","","","","",NA,NA,NA,NA,NA,NA,NA,NA,NA,NA,NA,NA,NA,NA,NA,NA,NA,NA,NA,NA,NA,NA,NA,NA,NA,NA,NA,NA,NA,NA,844530
"32",32,1,43,3,"","","","","","","","","","","","","","","","","","","","","","","","","","","","","","",NA,NA,NA,NA,NA,NA,NA,NA,NA,NA,NA,NA,NA,NA,NA,NA,NA,NA,NA,NA,NA,NA,NA,NA,NA,NA,NA,NA,NA,NA,"","","","","","","","","","","","","","","","","","","","","","","","","","","","","","",NA,NA,NA,NA,NA,NA,NA,NA,NA,NA,NA,NA,NA,NA,NA,NA,NA,NA,NA,NA,NA,NA,NA,NA,NA,NA,NA,NA,NA,NA,"刃のようだ","眩しい","高い山だが登りがいがある","華麗に踊る","流水のようだ","嵐のようだ","獣の牙のようだ","命懸けだ","可憐だ","水晶のようだ","薄暗く重い","豆腐のようだ","雷（いかずち）のようだ","工場のようだ","箱入り娘だね","理解しにくい","そびえ立っている","美しく映えている","天使のようだ","赤い提灯のようだ","津波のようだ","膨張していく","階段を登るようだ","心地よい","巨大だ","重い","季節のようだ","払うものだ","月のようだ","潔癖だ",2,1,2,1,2,2,2,2,2,2,1,2,2,2,2,1,1,1,2,2,2,1,2,1,1,1,2,1,2,2,525300
"33",33,1,49,3,"","","","","","","","","","","","","","","","","","","","","","","","","","","","","","",NA,NA,NA,NA,NA,NA,NA,NA,NA,NA,NA,NA,NA,NA,NA,NA,NA,NA,NA,NA,NA,NA,NA,NA,NA,NA,NA,NA,NA,NA,"","","","","","","","","","","","","","","","","","","","","","","","","","","","","","",NA,NA,NA,NA,NA,NA,NA,NA,NA,NA,NA,NA,NA,NA,NA,NA,NA,NA,NA,NA,NA,NA,NA,NA,NA,NA,NA,NA,NA,NA,"ナイフのようだ","キラキラして真ん丸だ","紆余曲折の末にたどり着いた","優雅に飛ぶ","永遠だ","激動だ","抉るようにずけずけ言う","自殺行為だ","女性的だ","きれいで色がない","どよんとしている","無機質で壊れやすい","雷のように突発的だ","多くの生徒が通い多くの卒業生を生み出す","箱入り娘のように大事にされている","難解だ","どんと実に堂々と構えている","透明でキラキラした光を放つ","純真で微笑ましい","秋をかんじさせる象徴だ","強硬だ","どんどん出てくる","上向いている","春の陽気のようだ","巨大だ","しんどい","浮気性だ","払う義務がある","円形だ","どっちの味方もしない",1,2,1,2,1,1,1,1,1,1,1,1,1,1,1,1,1,1,2,1,2,1,1,1,2,2,1,1,2,1,943860
"34",34,1,36,2,"","","","","","","","","","","","","","","","","","","","","","","","","","","","","","",NA,NA,NA,NA,NA,NA,NA,NA,NA,NA,NA,NA,NA,NA,NA,NA,NA,NA,NA,NA,NA,NA,NA,NA,NA,NA,NA,NA,NA,NA,"針のように鋭い","燃えている","登山のようだ","ダンサーのようだ","不可逆だ","嵐のようだ","辛辣だ","百害あって一利なしだ","むきたまごみたいだ","儚く脆い","どんよりしている","崩れやすい","あっという間だ","マンモス校だ","愛おしい","ちんぷんかんぷんだ","直立している","雲ひとつない","愛らしい","ボール状だ","熱気がある","深まるばかりだ","着実に進んでいる","心地よい","迫力がある","人生だ","移ろいやすい","継続する","太陽みたいだ","理にかなっている",2,1,2,2,1,2,1,1,2,1,1,1,1,2,1,1,1,1,1,2,1,1,1,1,1,2,1,1,2,1,"","","","","","","","","","","","","","","","","","","","","","","","","","","","","","",NA,NA,NA,NA,NA,NA,NA,NA,NA,NA,NA,NA,NA,NA,NA,NA,NA,NA,NA,NA,NA,NA,NA,NA,NA,NA,NA,NA,NA,NA,912927
"35",35,2,46,3,"","","","","","","","","","","","","","","","","","","","","","","","","","","","","","",NA,NA,NA,NA,NA,NA,NA,NA,NA,NA,NA,NA,NA,NA,NA,NA,NA,NA,NA,NA,NA,NA,NA,NA,NA,NA,NA,NA,NA,NA,"","","","","","","","","","","","","","","","","","","","","","","","","","","","","","",NA,NA,NA,NA,NA,NA,NA,NA,NA,NA,NA,NA,NA,NA,NA,NA,NA,NA,NA,NA,NA,NA,NA,NA,NA,NA,NA,NA,NA,NA,"ナイフのようだ","電球のようだ","登山のようだ","プリマのようだ","川のようだ","嵐のようだ","おそろしい","毒薬だ","月のようだ","水晶のようだ","暗黒の世界のようだ","角砂糖のようだ","電流がはしったようだ","賑やかで充実している","小悪魔のようだ","暗号のようだ","天をも突き抜けるようだ","鏡のようだ","子猫のようだ","提灯のようだ","怒涛のようだ","風船のようだ","地道だ","少女のようだ","高くそびえたつ","大変だ","季節のようだ","払う必要がある","ボールのようだ","正しい",2,2,2,2,2,2,1,1,2,2,2,2,2,1,2,2,2,2,2,2,2,2,1,2,1,1,2,1,2,1,907498
"36",36,2,35,2,"","","","","","","","","","","","","","","","","","","","","","","","","","","","","","",NA,NA,NA,NA,NA,NA,NA,NA,NA,NA,NA,NA,NA,NA,NA,NA,NA,NA,NA,NA,NA,NA,NA,NA,NA,NA,NA,NA,NA,NA,"陰湿で不愉快だ","炎のように熱く燃えている","とても難しいものだが、何事にも変え難い","優雅で麗しい","永遠に時を刻む","まるでクーデターだ","とてもエグイ","火事の元だし、周りにも迷惑だ","神々しいオーラに包まれている","ダイヤモンドのようだ","暗幕のようだ","ボロボロだ","爆発だ","賑やかだ","愛らしい","理解不能だ","そびえ立っている","雲ひとつない","実に子供らしい","ボールのようだ","だんじり祭り並み","噂が噂を呼んでしまう","山登りのようだ","春風のようだ","不動だ","ストーカーのようだ","移ろいやすい","もはや義務","ルビーのようだ","審判の鏡だ",1,2,3,1,1,2,1,1,2,2,2,1,2,1,1,3,1,1,1,2,2,3,2,2,1,2,1,2,2,1,"","","","","","","","","","","","","","","","","","","","","","","","","","","","","","",NA,NA,NA,NA,NA,NA,NA,NA,NA,NA,NA,NA,NA,NA,NA,NA,NA,NA,NA,NA,NA,NA,NA,NA,NA,NA,NA,NA,NA,NA,383789
"37",37,1,41,3,"","","","","","","","","","","","","","","","","","","","","","","","","","","","","","",NA,NA,NA,NA,NA,NA,NA,NA,NA,NA,NA,NA,NA,NA,NA,NA,NA,NA,NA,NA,NA,NA,NA,NA,NA,NA,NA,NA,NA,NA,"","","","","","","","","","","","","","","","","","","","","","","","","","","","","","",NA,NA,NA,NA,NA,NA,NA,NA,NA,NA,NA,NA,NA,NA,NA,NA,NA,NA,NA,NA,NA,NA,NA,NA,NA,NA,NA,NA,NA,NA,"辛くそして痛いほど人を傷つける","まん丸で光っている","難易度が高いがやりがりがある","美麗でひらりひらりと飛ぶ","停止できずに進んでいく","鋭く大勢に影響を及ぼす","中傷してごっつい","命を狭めるのでリスクがある","輝いてそしてまん丸","汚れがなく透き通っている","真っ暗でそして真っ黒","貧相で正方形で真っ白","瞬時で突如電撃が走る","大勢の人がいて一律で人を作る","チャーミングで大事に育てられていて自分勝手","理解ができずに読むこともできずに難易度が高い","垂直で堅さがありグレーだ","済み渡っていて美しく輝いている","愛おしくて無邪気でのほほんとする","まん丸で真っ赤で宙ぶらりんになっている","停止できない","高まる","ステップアップしていく","好感がもてる","でかい","大変","冷めていく","支払う必要がある","まん丸","平等だ",1,3,1,3,1,1,3,1,1,3,1,1,2,3,1,1,1,1,1,1,1,1,1,1,1,1,3,1,1,1,932734
"38",38,1,48,2,"","","","","","","","","","","","","","","","","","","","","","","","","","","","","","",NA,NA,NA,NA,NA,NA,NA,NA,NA,NA,NA,NA,NA,NA,NA,NA,NA,NA,NA,NA,NA,NA,NA,NA,NA,NA,NA,NA,NA,NA,"ナイフのようだ","赤いボールのようだ","いばらの道でやりがいがある","美しいダンスをしているようだ","川のように流れる","突然の戦争のようだ","ナイフのように痛い","時限爆弾だ","透明なボールだ","彫刻のようだ","ねずみのようだ","ガラスのようだ","あっという間だ","人口密度が高い","愛らしい","難解だ","直線的に立っている","真っ青だ","アイドルだ","球体だ","盛り上がっている","膨張する","順序だてている","心地よいぬくもりだ","壁のようだ","苦行のようだ","リピートする","継続する","赤い飴玉のようだ","公正だ",2,2,1,2,2,2,2,2,2,2,2,2,1,1,1,1,1,1,1,2,1,1,1,1,2,2,1,1,2,1,"","","","","","","","","","","","","","","","","","","","","","","","","","","","","","",NA,NA,NA,NA,NA,NA,NA,NA,NA,NA,NA,NA,NA,NA,NA,NA,NA,NA,NA,NA,NA,NA,NA,NA,NA,NA,NA,NA,NA,NA,819610
"39",39,2,39,1,"メスのようだ","真っ赤だ","難しい","魅力的だ","川のようだ","勢いがある","毒舌だ","毒だ","輝いている","宝石のようだ","どんよりしている","豆腐のようだ","地震のようだ","蟻の行列みたいだ","天使だ","難易度が高い","頑丈だ","空気が綺麗だ","純粋だ","熟している","蟻地獄のようだ","時限爆弾みたいだ","確実だ","南国だ","相撲取りみたいだ","牢獄みたいだ","何度も激変する","厳しい","短命だ","信用できる",2,2,1,1,2,1,2,1,1,2,1,2,2,2,2,3,1,1,2,1,2,2,1,2,2,2,1,1,1,1,"","","","","","","","","","","","","","","","","","","","","","","","","","","","","","",NA,NA,NA,NA,NA,NA,NA,NA,NA,NA,NA,NA,NA,NA,NA,NA,NA,NA,NA,NA,NA,NA,NA,NA,NA,NA,NA,NA,NA,NA,"","","","","","","","","","","","","","","","","","","","","","","","","","","","","","",NA,NA,NA,NA,NA,NA,NA,NA,NA,NA,NA,NA,NA,NA,NA,NA,NA,NA,NA,NA,NA,NA,NA,NA,NA,NA,NA,NA,NA,NA,855801
"40",40,2,40,1,"ナイフのようだ","ボールのようだ","苦難の道だ","可憐だ","停止できない","嵐のようだ","人を苦しめる","体に悪い","まさに宝石だ","綺麗だ","夜のようだ","角砂糖のようだ","予測できない","アリの巣のようだ","宝物のようだ","難解だ","垂直で、頑丈だ","透明な水のようだ","天使のようだ","夕日のようだ","竜巻のようだ","抑えきれなくて、面倒だ","登山のようだ","吐息のようだ","壮大で堂々としている","牢屋のようだ","変化し、何度も、荒々しい","毎回苦しめる","線香花火のようだ","偏ることはない",2,2,2,1,1,2,1,3,2,1,2,2,3,2,2,1,1,2,2,2,2,1,2,2,1,2,1,3,2,1,"","","","","","","","","","","","","","","","","","","","","","","","","","","","","","",NA,NA,NA,NA,NA,NA,NA,NA,NA,NA,NA,NA,NA,NA,NA,NA,NA,NA,NA,NA,NA,NA,NA,NA,NA,NA,NA,NA,NA,NA,"","","","","","","","","","","","","","","","","","","","","","","","","","","","","","",NA,NA,NA,NA,NA,NA,NA,NA,NA,NA,NA,NA,NA,NA,NA,NA,NA,NA,NA,NA,NA,NA,NA,NA,NA,NA,NA,NA,NA,NA,393473
"41",41,1,43,2,"","","","","","","","","","","","","","","","","","","","","","","","","","","","","","",NA,NA,NA,NA,NA,NA,NA,NA,NA,NA,NA,NA,NA,NA,NA,NA,NA,NA,NA,NA,NA,NA,NA,NA,NA,NA,NA,NA,NA,NA,"ナイフのようだ。","サクランボのようだ。","登山のようだ。","美しい踊り子のようだ。","どうしようもできない。","激しい滝のようだ。","ナイフのように尖っている","毒のようだ。","宝石のように美しい。","キラキラ光っている。","くすんだ色をしている。","砂のようだ。","すぐに消える。","マンモス校だ。","愛おしい。","理解できない。","そびえ立つ","透き通った青色だ。","愛おしい。","球のようだ。","激流だ。","どんどん湧いてくる。","段階的だ。","さわやかだ。","どんと構えている","どうにもならない。","移り気だ。","決まっている。","太陽のようだ","気高い。",2,2,2,2,1,2,2,2,2,1,1,2,1,1,1,1,1,1,1,2,2,1,1,1,1,1,1,1,2,1,"","","","","","","","","","","","","","","","","","","","","","","","","","","","","","",NA,NA,NA,NA,NA,NA,NA,NA,NA,NA,NA,NA,NA,NA,NA,NA,NA,NA,NA,NA,NA,NA,NA,NA,NA,NA,NA,NA,NA,NA,749589
"42",42,1,29,3,"","","","","","","","","","","","","","","","","","","","","","","","","","","","","","",NA,NA,NA,NA,NA,NA,NA,NA,NA,NA,NA,NA,NA,NA,NA,NA,NA,NA,NA,NA,NA,NA,NA,NA,NA,NA,NA,NA,NA,NA,"","","","","","","","","","","","","","","","","","","","","","","","","","","","","","",NA,NA,NA,NA,NA,NA,NA,NA,NA,NA,NA,NA,NA,NA,NA,NA,NA,NA,NA,NA,NA,NA,NA,NA,NA,NA,NA,NA,NA,NA,"鋭利だ","満月だ","大変だ","綺麗だ","永遠だ","竜巻だ","刃物だ","短命だ","オーブだ","ガラスだ","薄暗い","固い","稲妻だ","ロボットだ","女王だ","解読不能だ","細長い","鏡だ","純粋だ","提灯だ","終わらない","シャボン玉だ","積み上げる","弱い","壮大だ","大変だ","不変ではない","義務だ","円だ","天秤だ",1,2,1,1,1,2,2,2,2,2,1,1,2,2,2,1,1,2,1,2,1,2,1,1,1,1,1,2,2,2,306656
"43",43,1,33,1,"きつい","円だ","茨の道だ","見目麗しい","進む","波のようだ","針のようだ","短命にする","光っている","輝いている","恐ろしい","角ばって脆弱だ","ただちに突如来る","人が大量でみな同じだ","可憐でいとおしい","記号のようだ","たくましい","蒼い","ピュアだ","食べごろだ","うねりのようだ","迷宮入りだ","石橋を叩いて渡る","心地良い","ドンとしている","逃れられない","心変わりする","つみあがる","短命だ","公明正大だ",1,1,2,1,1,2,2,1,1,1,1,1,1,1,1,2,1,1,1,1,2,2,2,1,1,1,1,1,1,2,"","","","","","","","","","","","","","","","","","","","","","","","","","","","","","",NA,NA,NA,NA,NA,NA,NA,NA,NA,NA,NA,NA,NA,NA,NA,NA,NA,NA,NA,NA,NA,NA,NA,NA,NA,NA,NA,NA,NA,NA,"","","","","","","","","","","","","","","","","","","","","","","","","","","","","","",NA,NA,NA,NA,NA,NA,NA,NA,NA,NA,NA,NA,NA,NA,NA,NA,NA,NA,NA,NA,NA,NA,NA,NA,NA,NA,NA,NA,NA,NA,802855
"44",44,1,31,3,"","","","","","","","","","","","","","","","","","","","","","","","","","","","","","",NA,NA,NA,NA,NA,NA,NA,NA,NA,NA,NA,NA,NA,NA,NA,NA,NA,NA,NA,NA,NA,NA,NA,NA,NA,NA,NA,NA,NA,NA,"","","","","","","","","","","","","","","","","","","","","","","","","","","","","","",NA,NA,NA,NA,NA,NA,NA,NA,NA,NA,NA,NA,NA,NA,NA,NA,NA,NA,NA,NA,NA,NA,NA,NA,NA,NA,NA,NA,NA,NA,"嫌な気持ちにさせる。","丸く光っている。","大変だが嬉しさもある。","優雅だ。","永遠に止められない。","人を嫌な気持ちにさせる。","嫌な気分にさせる。","害がある。","神々しい。","幻想的だ。","怪しい。","劣化している。","一瞬だ。","人があふれかえっている。","愛おしい。","読みずらい。","丈夫だ。","透明感がある。","可愛らしい。","熟している。","防げない。","正しい。","進んでいる。","穏やかだ。","膨大だ。","大変だ。","変わりゆく。","必ず払う。","円に近い。","正しい。",2,2,2,3,1,3,2,2,2,1,2,3,1,1,1,2,2,2,2,3,2,2,2,1,1,1,1,1,1,1,375101
"45",45,2,50,3,"","","","","","","","","","","","","","","","","","","","","","","","","","","","","","",NA,NA,NA,NA,NA,NA,NA,NA,NA,NA,NA,NA,NA,NA,NA,NA,NA,NA,NA,NA,NA,NA,NA,NA,NA,NA,NA,NA,NA,NA,"","","","","","","","","","","","","","","","","","","","","","","","","","","","","","",NA,NA,NA,NA,NA,NA,NA,NA,NA,NA,NA,NA,NA,NA,NA,NA,NA,NA,NA,NA,NA,NA,NA,NA,NA,NA,NA,NA,NA,NA,"無神経で、心をえぐる","大きく、光を放っている","難解だが、歴史に残る","軽やかに、まばたく","普遍で、流動している","恐怖を掻き立て、人々を駆り立てる","辛辣で、酷い","自殺行為だ","清らかで、涙の粒の様だ","綺麗で、透き通っている","不穏で、怪しい","脆弱で、角ばっており、日に焼けている","一撃のように、突如として、鳴り響いた","クローンのように、人が無個性だ","愛らしく、甘やかされ、不遜だ","難解で、解読できず、表現しにくい","そびえたち、頑丈で、無配色だ","高く、澄み渡り、光り輝いている","愛らしく、無邪気で、心が和む","大きく、熟して、実っている","制止できない","一層深まる","着実に進んでいく","心地よい","険しい","しんどい","博愛的だ","支払いの義務が課せられる","ふくよかだ","平等だ",1,1,1,2,1,1,1,1,2,1,1,1,1,1,1,1,1,1,1,1,1,1,1,1,1,1,2,1,2,1,588305
"46",46,1,38,3,"","","","","","","","","","","","","","","","","","","","","","","","","","","","","","",NA,NA,NA,NA,NA,NA,NA,NA,NA,NA,NA,NA,NA,NA,NA,NA,NA,NA,NA,NA,NA,NA,NA,NA,NA,NA,NA,NA,NA,NA,"","","","","","","","","","","","","","","","","","","","","","","","","","","","","","",NA,NA,NA,NA,NA,NA,NA,NA,NA,NA,NA,NA,NA,NA,NA,NA,NA,NA,NA,NA,NA,NA,NA,NA,NA,NA,NA,NA,NA,NA,"ナイフのようだ","きらめいている","登山のようだ","ダンスをしている","川の流れのようだ","竜巻のようだ","ナイフのようだ","死に近づく","月のようだ","透きとおるようだ","どす黒い","ハリボテだ","稲妻のようだ","工場のようだ","箱入り娘だ","難解だ","そびえたっている","美しい","無邪気だ","熟している","制御不能","増すばかり","進んでいく","穏やかだ","巨大だ","しんどい","季節のようだ","払う必要がある","まんまるだ","上手だ",2,1,2,1,2,2,2,1,2,1,1,2,2,2,3,1,3,1,1,3,1,1,1,1,1,1,2,1,1,1,301943
"47",47,1,49,1,"暴力だ","卵のようだ","とても難しい","可憐である","制御不能だ","爆発だ","ナイフのようだ","死期を早める","きらびやかだ","可憐である","どんよりしている","朽ち果てそうだ","唐突である","満杯で統一されている","愛らしく過保護である","理解不能だ","空に向かってそびえ立っている","広く青い","ナニモノにも染まっていない","立派に育った","暴走していて危ない","制御不能で大変である","着実で正確である","やわらかい","この地に根を張っている主のようだ","とても厳しくハードルが高い","多くを愛し熱烈である","繰り返し負担になる","丸く赤く命を燃やす","適切にジャッジができる",1,2,1,1,1,2,2,1,1,1,1,1,1,1,1,1,2,1,1,1,1,1,1,2,2,1,1,1,1,1,"","","","","","","","","","","","","","","","","","","","","","","","","","","","","","",NA,NA,NA,NA,NA,NA,NA,NA,NA,NA,NA,NA,NA,NA,NA,NA,NA,NA,NA,NA,NA,NA,NA,NA,NA,NA,NA,NA,NA,NA,"","","","","","","","","","","","","","","","","","","","","","","","","","","","","","",NA,NA,NA,NA,NA,NA,NA,NA,NA,NA,NA,NA,NA,NA,NA,NA,NA,NA,NA,NA,NA,NA,NA,NA,NA,NA,NA,NA,NA,NA,704274
"48",48,1,36,1,"鋭い","転がりそう","困難が待ち構えている","目が離せない","流れ続ける","熱をはらむ","突き刺さる","身を滅ぼす","魅力にあふれる","宝石のよう","重苦しい","角砂糖のよう","交通事故に等しい","工場のレーンに似ている","箱入りだ","無用の長物だ","びくともしない","触れたら気持ちよさそうだ","汚れていない","トマトに似ている","濁流が押し寄せるよう","放っておけない","順調だ","心を解してくれる","神様が住んでいそう","気が滅入る","暴風雨のようだ","頭を抱えてしまう","沈みかけの夕日を思わせる","信頼できる",1,1,1,1,1,1,2,1,1,2,1,2,1,2,2,1,1,1,1,1,2,1,1,1,2,1,2,1,2,1,"","","","","","","","","","","","","","","","","","","","","","","","","","","","","","",NA,NA,NA,NA,NA,NA,NA,NA,NA,NA,NA,NA,NA,NA,NA,NA,NA,NA,NA,NA,NA,NA,NA,NA,NA,NA,NA,NA,NA,NA,"","","","","","","","","","","","","","","","","","","","","","","","","","","","","","",NA,NA,NA,NA,NA,NA,NA,NA,NA,NA,NA,NA,NA,NA,NA,NA,NA,NA,NA,NA,NA,NA,NA,NA,NA,NA,NA,NA,NA,NA,422484
"49",49,2,39,1,"暴力だ","トマトのようだ","難しい","綺麗だ","今だけだ","荒々しい","酷い","命を削る","綺麗だ","水晶のようだ","重々しい","崩れやすい","不意に訪れる","一貫している","愛おしく、愛されている","難しく、分からない","直立していて頑丈だ","すがすがしく、気持ちいい","愛らしく、無邪気だ","太陽のようだ","進み続け、勢力があり、人が増える","収束せず、終わりが見えない","一歩ずつ確実に前進する","心地よい強さだ","偉大だ","きつく、終わりが見えない","変わり続け、荒々しい","ずっと続き、減らない","ガラス玉のようだ","信頼できる",1,2,1,1,1,1,1,1,1,2,1,1,1,1,1,1,1,1,1,2,1,1,1,1,1,1,1,1,2,1,"","","","","","","","","","","","","","","","","","","","","","","","","","","","","","",NA,NA,NA,NA,NA,NA,NA,NA,NA,NA,NA,NA,NA,NA,NA,NA,NA,NA,NA,NA,NA,NA,NA,NA,NA,NA,NA,NA,NA,NA,"","","","","","","","","","","","","","","","","","","","","","","","","","","","","","",NA,NA,NA,NA,NA,NA,NA,NA,NA,NA,NA,NA,NA,NA,NA,NA,NA,NA,NA,NA,NA,NA,NA,NA,NA,NA,NA,NA,NA,NA,990095
"50",50,2,43,1,"兵器のようだ","まん丸だ","いばらの道だ","上品だ","淀みなく流れる","熱狂的だ","誰も我慢できない","命を削る","華やかだ","神秘的だ","濃い鉛色だ","強度が低く、4角形だ","唐突かつ瞬間的である","没個性の人間ばかりいる","愛嬌があり愛されている","解読不可能である","垂直に伸び強固だ","濁りがなく清らかだ","愛嬌があって天真爛漫だ","まん丸で赤みが強い","盲目的な力がはたらき第三者をも扇動する","大いに世間を騒がしており、社会問題である","基礎がしっかりしていて、無理なく進められる","穏やかで、快適で、静かだ","巨大で、鎮座し、神々しい","苦痛だが、逃げ道がなく鬱積する","留まることなく、いつも情熱的だ","一定期間を置いて支払い義務があるので憂鬱だ","ふくよかで、鮮血のような色をし、無常だ","贔屓せず、等しく決断する",2,1,2,1,1,1,1,2,1,1,1,1,1,1,1,1,1,1,1,1,1,1,1,1,1,1,1,1,2,1,"","","","","","","","","","","","","","","","","","","","","","","","","","","","","","",NA,NA,NA,NA,NA,NA,NA,NA,NA,NA,NA,NA,NA,NA,NA,NA,NA,NA,NA,NA,NA,NA,NA,NA,NA,NA,NA,NA,NA,NA,"","","","","","","","","","","","","","","","","","","","","","","","","","","","","","",NA,NA,NA,NA,NA,NA,NA,NA,NA,NA,NA,NA,NA,NA,NA,NA,NA,NA,NA,NA,NA,NA,NA,NA,NA,NA,NA,NA,NA,NA,894475
"51",51,1,43,1,"鋭い","まん丸だ","厳しい道のりだ","きれいだ","流れゆく","誰も止められない","心無い","命を削る","きらきらしている","立派だ","どす黒い","段ボールのようだ","瞬間的である","特徴のない人ばかりだ","人形のようで、大事にされている","難解だ","硬い鉛筆のように、そびえ立っている","美しく透き通っている","天使のようだ","丸々と熟している","暴走していて、活力があり、周囲の人を飲み込む","ますます強くなり、困難を極めている","順序よく進んでいて、一段一段階段をのぼっている","柔らかく温暖だ","とても堂々としている","きつく、離脱できず、監禁される","変化が著しい","支払いに追われ、月々に重くのしかかってくる","円形で、真っ赤で、尊い","フェアプレーの精神でジャッジされる",3,1,2,1,1,1,3,3,1,1,1,2,1,1,2,1,2,1,2,1,3,1,1,1,3,1,1,1,3,1,"","","","","","","","","","","","","","","","","","","","","","","","","","","","","","",NA,NA,NA,NA,NA,NA,NA,NA,NA,NA,NA,NA,NA,NA,NA,NA,NA,NA,NA,NA,NA,NA,NA,NA,NA,NA,NA,NA,NA,NA,"","","","","","","","","","","","","","","","","","","","","","","","","","","","","","",NA,NA,NA,NA,NA,NA,NA,NA,NA,NA,NA,NA,NA,NA,NA,NA,NA,NA,NA,NA,NA,NA,NA,NA,NA,NA,NA,NA,NA,NA,108923
"52",52,1,56,2,"","","","","","","","","","","","","","","","","","","","","","","","","","","","","","",NA,NA,NA,NA,NA,NA,NA,NA,NA,NA,NA,NA,NA,NA,NA,NA,NA,NA,NA,NA,NA,NA,NA,NA,NA,NA,NA,NA,NA,NA,"心の痛手を負う","素晴らしく赤い","何とかやり切った","きらびやかに舞う","止められない","勃発した","手厳しい","健康に害がある","最高の出来栄えだ","芸術的だ","今にも降り出しそうだ","壊れやすい","あっという間だ","マンモス校だ","愛らしい","理解できない","真上に上っている","きれいだ","可憐だ","まんまるだ","怒涛のようだ","増大する","レベルアップする","心地よい","不動だ","やらなければならない難物だ","巡る","定額だ","円形で赤い","正しい判定をする",1,1,1,2,1,3,3,3,2,3,2,1,1,3,1,3,1,3,1,1,2,1,1,2,1,1,1,1,3,3,"","","","","","","","","","","","","","","","","","","","","","","","","","","","","","",NA,NA,NA,NA,NA,NA,NA,NA,NA,NA,NA,NA,NA,NA,NA,NA,NA,NA,NA,NA,NA,NA,NA,NA,NA,NA,NA,NA,NA,NA,949829
"53",53,1,53,2,"","","","","","","","","","","","","","","","","","","","","","","","","","","","","","",NA,NA,NA,NA,NA,NA,NA,NA,NA,NA,NA,NA,NA,NA,NA,NA,NA,NA,NA,NA,NA,NA,NA,NA,NA,NA,NA,NA,NA,NA,"猛吹雪のようだ","炭火のようだ","ロッククライミングのようだ","花魁のようだ","激流だ","竜巻だ","アイスピックのようだ","自傷行為だ","清く尊い","ガラス細工のようだ","不安だ","張り子だ","きらめきだ","窮屈だ","心をくすぐる","迷宮だ","巨人だ","神々しい","心が躍る","球のようだ","濁流だ","つむじ風のようだ","成長する","心地よい","神々のようだ","険しい山脈だ","万華鏡だ","春夏秋冬だ","太陽だ","裁判官だ",2,2,2,2,2,2,2,2,1,2,3,2,2,3,1,2,2,2,1,2,2,2,2,1,2,2,2,2,2,2,"","","","","","","","","","","","","","","","","","","","","","","","","","","","","","",NA,NA,NA,NA,NA,NA,NA,NA,NA,NA,NA,NA,NA,NA,NA,NA,NA,NA,NA,NA,NA,NA,NA,NA,NA,NA,NA,NA,NA,NA,750046
"54",54,2,46,3,"","","","","","","","","","","","","","","","","","","","","","","","","","","","","","",NA,NA,NA,NA,NA,NA,NA,NA,NA,NA,NA,NA,NA,NA,NA,NA,NA,NA,NA,NA,NA,NA,NA,NA,NA,NA,NA,NA,NA,NA,"","","","","","","","","","","","","","","","","","","","","","","","","","","","","","",NA,NA,NA,NA,NA,NA,NA,NA,NA,NA,NA,NA,NA,NA,NA,NA,NA,NA,NA,NA,NA,NA,NA,NA,NA,NA,NA,NA,NA,NA,"無神経で歯に衣着せない","円形で光っている","困難な登山のようだ","人目を惹き、ひらひら飛んでいる","絶えず動いている","大きなハリケーンのようだ","的確で攻撃的だ","安全ではなく、早死にする","見事な輝きの球体だ","綺麗で透き通っている","どんよりとしている","安全性が低い立方体で、カラフルではない","あっという間にいきなりおこり、刺激を感じる","大人数で無個性に生徒を育てる","愛らしく、可愛がられていて、自由奔放だ","何が書いてあるのか理解不可能だ","垂直にそびえていて、硬質でモノクロだ","透明で美しく、輝きを反射している","小さく、純粋で、微笑ましい","円形で熟していて木になっている","制止不可能だ","どんどん大きくなる","一つ一つステップを上がっていく","心地よい","でかい","耐えられない","不変ではない","取られる","円形だ","正しい",2,1,2,1,1,2,1,1,1,1,1,1,1,1,1,1,1,1,1,1,1,1,1,1,1,1,1,1,1,1,648446
"55",55,2,23,2,"","","","","","","","","","","","","","","","","","","","","","","","","","","","","","",NA,NA,NA,NA,NA,NA,NA,NA,NA,NA,NA,NA,NA,NA,NA,NA,NA,NA,NA,NA,NA,NA,NA,NA,NA,NA,NA,NA,NA,NA,"人をネガティブにさせる","ギラギラしている","山あり谷ありだ","きれいだ","過ぎていく","勃発する","的確だ","体に悪い","きれいだ","きれいだ","グレーだ","倒れそうだ","瞬間的だ","マンモス校だ","キュートだ","理解できない","空に向かって立っている","鮮やかだ","キュートだ","形がいい","手に負えない","真実味を増す","地道だ","心地いい","存在感がある","やらなければいけない","儚い","逃れられない","美しい","正しい",1,1,1,1,1,1,1,1,1,1,1,1,1,3,1,1,1,1,1,1,1,1,1,1,1,1,1,1,1,1,"","","","","","","","","","","","","","","","","","","","","","","","","","","","","","",NA,NA,NA,NA,NA,NA,NA,NA,NA,NA,NA,NA,NA,NA,NA,NA,NA,NA,NA,NA,NA,NA,NA,NA,NA,NA,NA,NA,NA,NA,212481
"56",56,1,50,1,"ナイフのようだ","円形だ","前途多難だ","可憐だ","ノンストップだ","凄まじい","人を痛めつける","死を早める","きれいだ","素敵だ","薄墨色だ","壊れやすく、矩形だ","瞬時に発生する突発的なものだ","多数の人がおり、個性がない","キュートで、可愛がられている","意味不明で、解読不可能だ","直立しており、堅固だ","透明感があり、美しい","愛々しく、無邪気だ ","円形で、紅色だ","制止できず、波にのっており、人を引き付ける","膨張し、増大し、面倒だ","過程を経て、継続的かつ着実に進行する","ソフトで、温もりがあり、穏やかだ","巨大で、不動で、存在感がある","しんどいが、逆らうことができず、縛られる","移り気で、反復し、荒々しい","支払いが必要で、一定の期間ごとに発生し、しんどい","円形で、紅色で、薄命だ","厳正で、フェアで、決定が下される",2,1,1,1,1,1,1,1,1,1,1,1,1,1,1,1,1,1,1,1,1,1,1,1,1,1,1,1,1,1,"","","","","","","","","","","","","","","","","","","","","","","","","","","","","","",NA,NA,NA,NA,NA,NA,NA,NA,NA,NA,NA,NA,NA,NA,NA,NA,NA,NA,NA,NA,NA,NA,NA,NA,NA,NA,NA,NA,NA,NA,"","","","","","","","","","","","","","","","","","","","","","","","","","","","","","",NA,NA,NA,NA,NA,NA,NA,NA,NA,NA,NA,NA,NA,NA,NA,NA,NA,NA,NA,NA,NA,NA,NA,NA,NA,NA,NA,NA,NA,NA,968660
"57",57,1,34,1,"ナイフのようだ","優しい","簡単にゴールへ辿り着けない","輝いている","津波のようだ","恐ろしい","暴力的だ","ハイリスクだ","綺麗だ","目を惹きつける","重苦しい","硝子の箱だ","雷光のようだ","まるで工場のようだ","とても愛されている","解読不能だ","柱のように聳え立っている","ビー玉のようだ","まるで天使だ","夕日のようだ","台風のようだ","破裂寸前の風船のようだ","階段のように規則正しい","南風のようだ","頑固おやじのようだ","刑務所を思わせる","ダンスのようだ","性質の悪い友人のようだ","夕焼けのようだ","コンピューターのようだ",2,2,2,2,2,1,2,1,1,1,3,2,2,2,1,1,2,2,2,2,2,2,2,2,2,2,2,2,2,2,"","","","","","","","","","","","","","","","","","","","","","","","","","","","","","",NA,NA,NA,NA,NA,NA,NA,NA,NA,NA,NA,NA,NA,NA,NA,NA,NA,NA,NA,NA,NA,NA,NA,NA,NA,NA,NA,NA,NA,NA,"","","","","","","","","","","","","","","","","","","","","","","","","","","","","","",NA,NA,NA,NA,NA,NA,NA,NA,NA,NA,NA,NA,NA,NA,NA,NA,NA,NA,NA,NA,NA,NA,NA,NA,NA,NA,NA,NA,NA,NA,226631
"58",58,1,56,1,"ナイフのようだ","玉のようだ","困難だ","きれいだ","過ぎていく","過激だ","辛らつだ","死神のようだ","きれいだ","芸術のようだ","どんよりして陰鬱だ","貧弱で、角ばっている","瞬間的に、突発的に起こる","人が多く、独創性がない","愛らしく、かわいがられている","意味不明で、演奏できない","直立していて、堅固だ","真っ青で美しい","愛らしく、純真だ","玉のようで、リンゴみたいな色をしている","台風のようで、災難をもたらす","ゴシップとなりトラブルを巻き起こす","着実で確実に成長している","穏やかで心地よい","不動でそびえたっている","困難だが、避けられず、かたずけないといけない","移ろいやすく、何度も、熱烈である","支払い義務があり、いつもつらい","玉のようで、紅のようでもろい","公正、清廉で確実だ",2,2,1,1,1,1,1,2,1,2,1,1,1,1,1,1,1,1,1,2,2,1,1,1,3,1,1,1,2,1,"","","","","","","","","","","","","","","","","","","","","","","","","","","","","","",NA,NA,NA,NA,NA,NA,NA,NA,NA,NA,NA,NA,NA,NA,NA,NA,NA,NA,NA,NA,NA,NA,NA,NA,NA,NA,NA,NA,NA,NA,"","","","","","","","","","","","","","","","","","","","","","","","","","","","","","",NA,NA,NA,NA,NA,NA,NA,NA,NA,NA,NA,NA,NA,NA,NA,NA,NA,NA,NA,NA,NA,NA,NA,NA,NA,NA,NA,NA,NA,NA,878815
"59",59,1,39,3,"","","","","","","","","","","","","","","","","","","","","","","","","","","","","","",NA,NA,NA,NA,NA,NA,NA,NA,NA,NA,NA,NA,NA,NA,NA,NA,NA,NA,NA,NA,NA,NA,NA,NA,NA,NA,NA,NA,NA,NA,"","","","","","","","","","","","","","","","","","","","","","","","","","","","","","",NA,NA,NA,NA,NA,NA,NA,NA,NA,NA,NA,NA,NA,NA,NA,NA,NA,NA,NA,NA,NA,NA,NA,NA,NA,NA,NA,NA,NA,NA,"とてもひどすぎる","燃えるように光っている","難しいが、やりがいがある","バレリーナのようだ","止まることを知らない","危険で人に危害をあたえる","的確でひどすぎる","死に近づいている","綺麗に光る月のようだ","宝石のようだ","まるで地獄のようだ","やわらかい豆腐のようだ","雷が落ちてきたようなものだ","工場のようだ","言うことを聞かない子供だ","理解できない","汚れたロウソクのようだ","美しい鏡のようだ","水晶のようだ","丸くて赤いちょうちんのようだ","抑えられない","収まらない","一歩一歩と進んでいく　","心地よい","雄大だ","しんどい","心変わりする","払う義務がある","珠のようだ","かたよらない",1,2,1,2,1,1,1,1,2,2,2,2,2,2,2,1,2,2,2,3,1,1,1,1,1,1,1,1,2,1,400934
"60",60,2,35,2,"","","","","","","","","","","","","","","","","","","","","","","","","","","","","","",NA,NA,NA,NA,NA,NA,NA,NA,NA,NA,NA,NA,NA,NA,NA,NA,NA,NA,NA,NA,NA,NA,NA,NA,NA,NA,NA,NA,NA,NA,"人を気遣わないトゲトゲしさがある","円形で真っ赤に燃えるような色をしている","山を登攀するかのようなものだ","踊り子のようだ","二度と戻らない","ハリケーンのようだ","的を得ていて容赦がない","彼の短命さの引き金になる","ガラス玉のようだ","飴細工のようだ","今にも雨を降らせそうだ","脆弱だ","あっという間だった","マンモス校だ","守ってあげたくなるほどだ","難解だ","直立不動だ","晴れ渡っている","目に入れても痛くないほどだ","円形だ","ブレーキが利かない","風船のようだ","着実にステップアップする","春の陽気を思わせる","泰然自若としている","艱難辛苦で不可避だ","昭の空のようだ","毎回決められた期日に振り込まなければならない","りんごのようだ","フェアだ",1,1,2,2,1,2,1,1,2,2,1,1,1,1,2,1,1,1,2,1,2,2,1,2,1,1,2,1,2,1,"","","","","","","","","","","","","","","","","","","","","","","","","","","","","","",NA,NA,NA,NA,NA,NA,NA,NA,NA,NA,NA,NA,NA,NA,NA,NA,NA,NA,NA,NA,NA,NA,NA,NA,NA,NA,NA,NA,NA,NA,633672
"61",61,1,42,1,"人にダメージを与える","真ん丸だ","かなり大変なことだ","綺麗だ","過ぎていく","凄まじい","一握り危害を加える","体に良くない","凄く綺麗","最高にきれい","どす黒い","ボロボロで、正方形","あっという間に来る","人が大勢いて、ほかと変わらない。","見た目がよく、大事にされている","難しく理解できない","垂直でカチカチ","雲もなく晴れやかだ","見た目がよく純粋だ","まんまるで熟している","強烈で人民を取り込んでいく","日増しに拡大していきとても手にあまる問題だ","徐々に前進していき少しずつ達成していく","穏やかで、心地よく、静か","雄大で、動じず、風格がある","嫌だが、やめられず、隔離されている","コロコロ変化し、揺れ動き、極端","支払いは絶対で、計画通りで、大変","円状で、真っ赤で、寂しげ","フェアで、みんなに公平で、決めている。",1,1,1,1,1,1,1,1,1,1,1,1,1,1,1,1,1,1,1,1,1,1,1,1,1,1,1,1,1,1,"","","","","","","","","","","","","","","","","","","","","","","","","","","","","","",NA,NA,NA,NA,NA,NA,NA,NA,NA,NA,NA,NA,NA,NA,NA,NA,NA,NA,NA,NA,NA,NA,NA,NA,NA,NA,NA,NA,NA,NA,"","","","","","","","","","","","","","","","","","","","","","","","","","","","","","",NA,NA,NA,NA,NA,NA,NA,NA,NA,NA,NA,NA,NA,NA,NA,NA,NA,NA,NA,NA,NA,NA,NA,NA,NA,NA,NA,NA,NA,NA,453182
"62",62,1,33,3,"","","","","","","","","","","","","","","","","","","","","","","","","","","","","","",NA,NA,NA,NA,NA,NA,NA,NA,NA,NA,NA,NA,NA,NA,NA,NA,NA,NA,NA,NA,NA,NA,NA,NA,NA,NA,NA,NA,NA,NA,"","","","","","","","","","","","","","","","","","","","","","","","","","","","","","",NA,NA,NA,NA,NA,NA,NA,NA,NA,NA,NA,NA,NA,NA,NA,NA,NA,NA,NA,NA,NA,NA,NA,NA,NA,NA,NA,NA,NA,NA,"心を傷つける","満月のように輝いている","登山のようだ","きれいに踊る","過ぎ去る","炎のように燃え上がる","ナイフのように鋭い","じわじわと削る","満月のようだ","結晶のようだ","世界の終わりのようだ","角砂糖のようだ","静電気のようだ","人を量産する","女王様のようだ","難解だ","配管だ","オーロラのようだ","天使のようだ","夕日のようについている","起こる","大きくなる","順番どおりだ","頬をなでる","でかい","きつい","彷徨う","痛い","太い","正義だ",2,2,2,2,2,2,1,2,2,2,1,2,2,1,2,1,2,2,2,2,3,2,2,2,1,1,2,1,2,2,696794
"63",63,1,48,2,"","","","","","","","","","","","","","","","","","","","","","","","","","","","","","",NA,NA,NA,NA,NA,NA,NA,NA,NA,NA,NA,NA,NA,NA,NA,NA,NA,NA,NA,NA,NA,NA,NA,NA,NA,NA,NA,NA,NA,NA,"バラのようだ","提灯のようだ","いばらのようだ","踊り子のようだ","洪水のようだ","津波のようだ","ナイフのようだ","毒ガスのようだ","ビー玉のように透明だ","水晶のようだ","アスファルトのようだ","スポンジのようだ","瞬きのようだ","ハチの巣のようだ","天使のようだ","パズルのようだ","天に向かっている","どこまでも見える","子犬のようだ","ボールのようだ","ブルドーザーのようだ","風船のように膨れ上がる","積み木のように積まれていく","心地よい温もりだ","大木のようにビクともしない","難病のように辛い","気分屋ですぐ変わる","季節のように絶対だ","太陽のようだ","裁判官のようだ",2,2,2,2,2,2,2,2,2,2,2,2,2,2,2,2,1,1,2,2,2,2,2,1,2,2,1,2,2,2,"","","","","","","","","","","","","","","","","","","","","","","","","","","","","","",NA,NA,NA,NA,NA,NA,NA,NA,NA,NA,NA,NA,NA,NA,NA,NA,NA,NA,NA,NA,NA,NA,NA,NA,NA,NA,NA,NA,NA,NA,901156
"64",64,2,43,1,"ナイフのようだ","火の玉のようだ","難攻不落だ","綺麗だ","進み続ける","激化している","刃物のようだ","体に悪い","綺麗だ","綺麗だ","今にも雨が降れそうだ","危険","瞬間の出来事","マンモス校だ","愛らしい","難しい","直立不動である","透明感がある","無邪気だ","うまそうだ","猪突猛進である","払拭は困難だ","地道な努力で成果得る","心地いい","壮大である","奴隷のようだ","薄っぺらい","支払い困難だ","美しい","正しい",2,2,1,1,1,1,2,3,1,1,3,3,3,1,1,3,1,3,1,3,1,1,1,1,1,3,3,3,1,3,"","","","","","","","","","","","","","","","","","","","","","","","","","","","","","",NA,NA,NA,NA,NA,NA,NA,NA,NA,NA,NA,NA,NA,NA,NA,NA,NA,NA,NA,NA,NA,NA,NA,NA,NA,NA,NA,NA,NA,NA,"","","","","","","","","","","","","","","","","","","","","","","","","","","","","","",NA,NA,NA,NA,NA,NA,NA,NA,NA,NA,NA,NA,NA,NA,NA,NA,NA,NA,NA,NA,NA,NA,NA,NA,NA,NA,NA,NA,NA,NA,328855
"65",65,1,34,2,"","","","","","","","","","","","","","","","","","","","","","","","","","","","","","",NA,NA,NA,NA,NA,NA,NA,NA,NA,NA,NA,NA,NA,NA,NA,NA,NA,NA,NA,NA,NA,NA,NA,NA,NA,NA,NA,NA,NA,NA,"ナイフのようだ","燃えているようだ","山登りのようだ","花のようだ","津波のようだ","雪崩のようだ","針のようだ","花火のようだ","ダイヤのようだ","ガラス細工のようだ","燃えカスのようだ","ウエハースのようだ","レースのようだ","蟻の巣のようだ","宝石のようだ","ミミズのようだ","軍人のようだ","湖のようだ","フランス人形のようだ","地球のようだ","通勤ラッシュのようだ","風船のようだ","積み木のようだ","春のようだ","ビルのようだ","警察のようだ","季節のようだ","新聞のようだ","リンゴのようだ","民主主義のようだ",2,1,2,2,2,2,2,2,2,2,2,2,2,2,2,2,2,2,2,2,2,2,2,2,2,2,2,2,2,1,"","","","","","","","","","","","","","","","","","","","","","","","","","","","","","",NA,NA,NA,NA,NA,NA,NA,NA,NA,NA,NA,NA,NA,NA,NA,NA,NA,NA,NA,NA,NA,NA,NA,NA,NA,NA,NA,NA,NA,NA,819292
"66",66,2,50,1,"ナイフだ","玉だ","山道だ","可憐な花だ","旋風だ","突風だ","刃だ","毒だ","水玉だ","宝石だ","闇だ","ケーキだ","ハリケーンだ","お菓子の箱だ","愛娘だ","迷路だ","電柱だ","湖だ","天使だ","トマトだ","台風だ","溜まった膿だ","登山だ","なびく髪だ","威風堂々だ","牢獄だ","嵐だ","年貢だ","唇だ","天秤だ",2,2,2,2,2,2,2,2,2,2,2,2,2,2,2,2,2,2,2,2,2,2,2,2,2,2,2,2,2,2,"","","","","","","","","","","","","","","","","","","","","","","","","","","","","","",NA,NA,NA,NA,NA,NA,NA,NA,NA,NA,NA,NA,NA,NA,NA,NA,NA,NA,NA,NA,NA,NA,NA,NA,NA,NA,NA,NA,NA,NA,"","","","","","","","","","","","","","","","","","","","","","","","","","","","","","",NA,NA,NA,NA,NA,NA,NA,NA,NA,NA,NA,NA,NA,NA,NA,NA,NA,NA,NA,NA,NA,NA,NA,NA,NA,NA,NA,NA,NA,NA,631336
"67",67,2,22,3,"","","","","","","","","","","","","","","","","","","","","","","","","","","","","","",NA,NA,NA,NA,NA,NA,NA,NA,NA,NA,NA,NA,NA,NA,NA,NA,NA,NA,NA,NA,NA,NA,NA,NA,NA,NA,NA,NA,NA,NA,"","","","","","","","","","","","","","","","","","","","","","","","","","","","","","",NA,NA,NA,NA,NA,NA,NA,NA,NA,NA,NA,NA,NA,NA,NA,NA,NA,NA,NA,NA,NA,NA,NA,NA,NA,NA,NA,NA,NA,NA,"人を攻撃して、厳しい","まんまるで、キラキラしている","困難なもので、やりがいがある","きれいに、羽ばたく","途絶えさせることはできず、過ぎていく","荒々しく、人に影響を及ぼす","人につらい思いをさせ、厳しい","残りの命を短くし、よくない","きれいで、まんまるだ","きれいで、透き通っている","濁った色で、どんよりしていて、墨のような色だ","丈夫でなく、四つの角があり、雪のような色だ","きわめて短時間のことで、いきなり起こって、刺激がある","大勢いて、個性がなく、人を生み出す","愛らしく、大事に扱われており、自分勝手だ","理解できず、読解できず、レベルが高い","垂直に建てられており、頑丈で、濁った色だ","くもりがなく、美しく、輝きをまとっている","純粋で、かわいらしい","まんまるで、リンゴのような色で、つり下がっている","止めることは不可能だ","大きくなる","順番に進んでいく","弱い","でかい","しんどい","変化する","支払わないわけにはいかない","まんまるだ","平等だ",1,1,1,1,1,1,1,1,1,1,2,2,1,1,1,1,1,1,1,2,1,1,1,1,1,1,1,1,1,1,497148
"68",68,1,55,3,"","","","","","","","","","","","","","","","","","","","","","","","","","","","","","",NA,NA,NA,NA,NA,NA,NA,NA,NA,NA,NA,NA,NA,NA,NA,NA,NA,NA,NA,NA,NA,NA,NA,NA,NA,NA,NA,NA,NA,NA,"","","","","","","","","","","","","","","","","","","","","","","","","","","","","","",NA,NA,NA,NA,NA,NA,NA,NA,NA,NA,NA,NA,NA,NA,NA,NA,NA,NA,NA,NA,NA,NA,NA,NA,NA,NA,NA,NA,NA,NA,"ナイフのようだ。","銅貨のようだ。","登山のようだ。","踊り子のようだ。","大河のようだ。","竜巻のようだ。","刃物のようだ。","健康に悪い。","宝石だ。","水晶のようだ。","墨絵のようだ。","角砂糖のようだ。","雷だ。","金太郎飴のようだ。","お姫様だ。","暗号だ。","石碑だ。","クリスタルだ。","天使だ。","熟している。","激流だ。","深まる。","ステップバイステップだ。","心地よい。","エベレストのようだ。","地獄だ。","巡る。","不可欠だ。","珠のようだ。","天秤だ。",2,2,2,2,2,2,2,3,2,2,2,2,2,2,2,2,2,2,2,1,2,1,1,1,2,2,1,1,2,2,827164
"69",69,2,55,3,"","","","","","","","","","","","","","","","","","","","","","","","","","","","","","",NA,NA,NA,NA,NA,NA,NA,NA,NA,NA,NA,NA,NA,NA,NA,NA,NA,NA,NA,NA,NA,NA,NA,NA,NA,NA,NA,NA,NA,NA,"","","","","","","","","","","","","","","","","","","","","","","","","","","","","","",NA,NA,NA,NA,NA,NA,NA,NA,NA,NA,NA,NA,NA,NA,NA,NA,NA,NA,NA,NA,NA,NA,NA,NA,NA,NA,NA,NA,NA,NA,"ナイフのようだ。","金貨のように光っている。","前途多難だが、やりがいがある。","ひらひら空をただよう。","水の流れのようだ。","洪水が人々を飲み込むようだ。","的を得て容赦ない。","体にとって毒だ。","涙のようにきれいだ。","きらきら輝いている。","自分の汚い心のようだ。","砂の城のようだ。","雷に打たれたようだ。","刑務所のようだ。","箱入り娘のようだ。","おたまじゃくしが泳いでいるようだ。","空に向かう大砲のようだ。","透明で美しい湖面のようだ。","天使のようだ。","たわわに実っている。","押し寄せてくる。","心をざわつかせる。","なだらかに進んでいく。","心地よい。","空に近い。","やりがいがない。","永遠ではない。","義務だ。","手毬のようだ。","中立だ。",2,2,1,1,2,2,1,1,2,1,2,2,2,2,2,2,2,2,2,1,1,1,1,1,1,1,1,1,2,1,536420
"70",70,2,29,3,"","","","","","","","","","","","","","","","","","","","","","","","","","","","","","",NA,NA,NA,NA,NA,NA,NA,NA,NA,NA,NA,NA,NA,NA,NA,NA,NA,NA,NA,NA,NA,NA,NA,NA,NA,NA,NA,NA,NA,NA,"","","","","","","","","","","","","","","","","","","","","","","","","","","","","","",NA,NA,NA,NA,NA,NA,NA,NA,NA,NA,NA,NA,NA,NA,NA,NA,NA,NA,NA,NA,NA,NA,NA,NA,NA,NA,NA,NA,NA,NA,"冷たい刃のようだ","赤く燃えている","茨だが、価値のあるものだ","幻想的で魅力がある","いずれ過去のものとなる","塵一つ残さず無残なものとなる","棘のように心に突き刺さる","悪魔のごとく体をむしばむ","海の宝石である","純真な乙女のようだ","憂鬱で悲しくさせる","とても不安定で倒れそうだ","恋のように新鮮でわくわくする","ロボットのような人間をつくる","まさに箱入り娘である","難解で頭が痛い","コンクリートのように無機質だ","透き通る青が広がっている","純真で心があらわれる","美味しそうである","雪崩のように向かってくる","次から次へと湧いて出てくる","確実性を持って実行されていく","温かい","偉大だ","億劫だ","去っていく","着々と追いかけてくる","穏やか","信用できる",2,2,2,2,2,3,2,2,2,2,2,1,3,2,2,3,2,2,2,2,2,3,3,1,2,1,1,2,1,1,198230
"71",71,1,30,2,"","","","","","","","","","","","","","","","","","","","","","","","","","","","","","",NA,NA,NA,NA,NA,NA,NA,NA,NA,NA,NA,NA,NA,NA,NA,NA,NA,NA,NA,NA,NA,NA,NA,NA,NA,NA,NA,NA,NA,NA,"ナイフのようだ","ルビーのようだ","マラソンだ","踊り子のようだ","川の流れのようだ","嵐のようだ","針だ","森林火災のようだ","月のようだ","氷の芸術だ","降りそうだ","崩れそうだ","稲妻のようだ","マンモスだ","天使だ","暗号のようだ","杉の木のようだ","星が綺麗に見える","宝だ","玉のようだ","雪崩だ","癌だ","登山のようだ","頬を撫でるようだ","神様のようだ","拷問だ","季節のようだ","税金のようだ","宝石のようだ","機械のようだ",2,2,2,2,2,2,2,2,2,1,1,1,2,2,2,2,2,1,2,2,2,2,2,2,2,2,2,2,2,2,"","","","","","","","","","","","","","","","","","","","","","","","","","","","","","",NA,NA,NA,NA,NA,NA,NA,NA,NA,NA,NA,NA,NA,NA,NA,NA,NA,NA,NA,NA,NA,NA,NA,NA,NA,NA,NA,NA,NA,NA,886258
"72",72,1,51,2,"","","","","","","","","","","","","","","","","","","","","","","","","","","","","","",NA,NA,NA,NA,NA,NA,NA,NA,NA,NA,NA,NA,NA,NA,NA,NA,NA,NA,NA,NA,NA,NA,NA,NA,NA,NA,NA,NA,NA,NA,"言葉のナイフで人を痛めつける。","日の丸のように赤く丸く輝いている。","とても困難であるが、達成感があるが、大変だ。","華やかな羽をまとい優雅に美しく舞っている。","止めたり、逆らったりすることはできない。ただ流れを見守るだけである。","突然人を巻き込み激しく起こる。","鋭く人の急所をつく。","寿命を縮めて、時には火事になり危険である。","とても美しく丸く透明である。","美しく、はかない。","今にも雨を降らせる。","壊れやすい。","あっというまだ。","マンモス校だ。","キュートだ。","難解だ。","ぽつんと立っている","澄み渡っている。","愛らしい。","鞠のようだ。","勢いがありすぎて止められない。","取り上げられて広がった。","順序だって積み重なる。","ナチュラルで温かい。","そびえたって、動かない。","困難だが逃れられない。","気が変わりやすい。","定期的に支払うなければならない。","赤く、小輪である。","フェアだ。",2,2,1,1,1,1,1,1,3,3,1,1,3,3,1,1,3,1,1,2,1,1,1,3,3,1,3,1,3,1,"","","","","","","","","","","","","","","","","","","","","","","","","","","","","","",NA,NA,NA,NA,NA,NA,NA,NA,NA,NA,NA,NA,NA,NA,NA,NA,NA,NA,NA,NA,NA,NA,NA,NA,NA,NA,NA,NA,NA,NA,449319
"73",73,1,51,1,"害悪だ","お盆のようだ","前途多難だ","綺麗だ","過ぎ去っていくのみである","甚だしくひどい","凶器だ","毒だ","綺麗だ","綺麗だ","どんよりしている","豆腐のようだ","雷のようだ","工場のようだ","彼女の宝物だ","ちんぷんかんぷんだ","棒のようだ","ガラスのように美しい","愛らしく純粋だ","よく育ち熟れている","濁流のようだ","破裂寸前の風船のようだ","着実だ","心地よい","偉大で恐れ多い存在だ","とにかく気が変になりそうだ","気まぐれでめちゃくちゃだ","この先もずっと負担だ","とても見事で、かりそめの存在だ","素晴らしい",1,2,1,1,1,1,2,3,1,1,1,2,2,2,3,1,2,1,1,1,2,2,1,1,1,1,1,1,1,1,"","","","","","","","","","","","","","","","","","","","","","","","","","","","","","",NA,NA,NA,NA,NA,NA,NA,NA,NA,NA,NA,NA,NA,NA,NA,NA,NA,NA,NA,NA,NA,NA,NA,NA,NA,NA,NA,NA,NA,NA,"","","","","","","","","","","","","","","","","","","","","","","","","","","","","","",NA,NA,NA,NA,NA,NA,NA,NA,NA,NA,NA,NA,NA,NA,NA,NA,NA,NA,NA,NA,NA,NA,NA,NA,NA,NA,NA,NA,NA,NA,948697
"74",74,2,44,1,"辛辣だ","まん丸だ","前途多難だ","綺麗だ","ノンストップだ","荒れ狂っている","手厳しい","命取りだ","綺麗だ","宝石のようだ","憂鬱だ","豆腐のようだ","稲妻のようだ","無個性だ","溺愛されている","チンプンカンプンだ","棒のようだ","晴れ渡っている","無邪気だ","熟している","激化している","腫れ物のようだ","着実だ","やわらかい","不動の存在だ","行き詰っている","荒波のようだ","重荷だ","少女のようだ","公正だ",1,1,1,1,1,1,1,1,1,2,3,2,2,1,1,2,2,1,1,1,1,2,1,1,1,1,2,2,2,1,"","","","","","","","","","","","","","","","","","","","","","","","","","","","","","",NA,NA,NA,NA,NA,NA,NA,NA,NA,NA,NA,NA,NA,NA,NA,NA,NA,NA,NA,NA,NA,NA,NA,NA,NA,NA,NA,NA,NA,NA,"","","","","","","","","","","","","","","","","","","","","","","","","","","","","","",NA,NA,NA,NA,NA,NA,NA,NA,NA,NA,NA,NA,NA,NA,NA,NA,NA,NA,NA,NA,NA,NA,NA,NA,NA,NA,NA,NA,NA,NA,514212
"75",75,1,34,2,"","","","","","","","","","","","","","","","","","","","","","","","","","","","","","",NA,NA,NA,NA,NA,NA,NA,NA,NA,NA,NA,NA,NA,NA,NA,NA,NA,NA,NA,NA,NA,NA,NA,NA,NA,NA,NA,NA,NA,NA,"きつ過ぎる","火の玉のようだ","登山のようだ","優雅で可憐だ","川の流れのようだ","竜巻のようだ","ピンポイントに心を抉る","彼の命を炙り続けている","水晶玉のようだ","とても綺麗で飴細工のようだ","どんよりしている","今にも崩れそうだ","雷のようだ","人気校だ","ぬいぐるみのようだ","難解だ","垂直だ","雲一つない晴天だ","愛らしい","ころころしている","手が付けられない","拡大を続けている","一歩一歩着実に進んでいる","毛布にくるまれているようだ","どっしりとしていて立派だ","避けては通れない苦難だ","季節のように巡る","一定間隔で払い続ける義務がある","リンゴのようだ","模範的だ",1,2,2,1,2,2,3,2,2,2,1,1,2,1,2,1,1,1,1,1,1,1,1,2,1,1,2,1,2,1,"","","","","","","","","","","","","","","","","","","","","","","","","","","","","","",NA,NA,NA,NA,NA,NA,NA,NA,NA,NA,NA,NA,NA,NA,NA,NA,NA,NA,NA,NA,NA,NA,NA,NA,NA,NA,NA,NA,NA,NA,899321
"76",76,2,26,3,"","","","","","","","","","","","","","","","","","","","","","","","","","","","","","",NA,NA,NA,NA,NA,NA,NA,NA,NA,NA,NA,NA,NA,NA,NA,NA,NA,NA,NA,NA,NA,NA,NA,NA,NA,NA,NA,NA,NA,NA,"","","","","","","","","","","","","","","","","","","","","","","","","","","","","","",NA,NA,NA,NA,NA,NA,NA,NA,NA,NA,NA,NA,NA,NA,NA,NA,NA,NA,NA,NA,NA,NA,NA,NA,NA,NA,NA,NA,NA,NA,"人を落ち込ませ、悲しませる","まぶしい","大変だが、いつか報われるときがくる","可憐に飛ぶ","戻れず、進む","恐怖で、人を支配する","人を悲しませて、心に刻む","体に毒で、悪いものだ","きれいな丸だ","透けるほどきれいだ","今にも雨が降ってきそうだ","四角形で白色で繊細である","瞬きと同じで、いきなり表れて、電気が走った感覚になる","人があふれていて、無個性で、教育させる","愛おしくて、愛されていて、自分勝手だ","理解できず、勉強不足で、理解に苦しむ","直立で、反発せず、ねずみ色だ","青くて、透明で、まぶしさが目をくらませる","愛嬌たっぷりで、何も知らず、ほっこりする","夕陽のようで木になっている","抑えられない","ひとり歩きしている","ひとつずつ段階を踏んでいく","肌あたりが柔らかい","迫力がある","耐えられない","季節が変わっていくように変化する","返していかなければならない","ボールのようだ","平等だ",1,3,3,2,1,1,1,1,2,2,2,1,2,1,1,1,1,2,1,2,1,2,1,3,1,1,2,1,2,1,446757
"77",77,1,33,2,"","","","","","","","","","","","","","","","","","","","","","","","","","","","","","",NA,NA,NA,NA,NA,NA,NA,NA,NA,NA,NA,NA,NA,NA,NA,NA,NA,NA,NA,NA,NA,NA,NA,NA,NA,NA,NA,NA,NA,NA,"人を悲しませ、酷く、心が苦しくなる","真ん丸に燃えており炎のよう","難しいが、やりがいがあり、辛い","綺麗に踊り美しい","止まるわけなく明日は必ず来る","危険で人を傷つけ急に始まる","精神的ダメージを与えきつく嫌なところをつく","百害あって一利なしです","虹のように美しい","ガラスのように綺麗","薄暗い","強度不足","すぐ終わる","賑わっている","愛くるしい","理解不能","直立不動","何処までも青い","いとおしい","太陽のよう","雪崩のようだ","有名になり大勢が知る","計算されていて実績がある","春風のようだ","偉大でそびえ立つ","大変だがやるしかない","メビウスの輪のようだ","返さなければならず期限が決められている","リンゴのようだ","中立で中道だ",1,2,1,1,1,1,1,3,2,2,1,1,1,1,1,1,1,1,1,2,2,1,1,1,1,1,2,1,2,1,"","","","","","","","","","","","","","","","","","","","","","","","","","","","","","",NA,NA,NA,NA,NA,NA,NA,NA,NA,NA,NA,NA,NA,NA,NA,NA,NA,NA,NA,NA,NA,NA,NA,NA,NA,NA,NA,NA,NA,NA,289722
"78",78,1,45,3,"","","","","","","","","","","","","","","","","","","","","","","","","","","","","","",NA,NA,NA,NA,NA,NA,NA,NA,NA,NA,NA,NA,NA,NA,NA,NA,NA,NA,NA,NA,NA,NA,NA,NA,NA,NA,NA,NA,NA,NA,"","","","","","","","","","","","","","","","","","","","","","","","","","","","","","",NA,NA,NA,NA,NA,NA,NA,NA,NA,NA,NA,NA,NA,NA,NA,NA,NA,NA,NA,NA,NA,NA,NA,NA,NA,NA,NA,NA,NA,NA,"切れ味のよいナイフのようだ","真っ赤に熟したにリンゴのようだ","登山のようだ","秋の落葉（らくよう）のようだ","川の激流のようだ","竜巻のようだ","傷口に塩を塗り込むような感じだ","死神を呼び込むようだ","ピンポン玉のようだ","水晶のようだ","漆黒だ","柔らかい豆腐のようだ","雷光が走ったようだ","ロボット工場のようだ","蝶よ花よと育てられ傍若無人だ","難解だ","灰色の塔のようにそびえたつ","雲一つない快晴だ","天真爛漫だ","リンゴのようだ","暴動だ","深まる","コツコツ行われる","心地よい","壮大だ","ストレスになる","うつろう","納めなければならない","太陽のようだ","真摯だ",2,2,2,2,2,2,2,2,2,2,1,2,2,2,1,1,3,1,1,2,1,1,1,1,1,1,1,1,2,1,205577
"79",79,2,41,1,"気分を悪くする","満月のようだ","かなり難しい","綺麗だ","流れ続ける","酷い","人を悲しませる","身体に悪い","綺麗だ","剣のように鋭い","気分が滅入る","崩れそうだ","突発的だ","皆同じように見える","キュートでとても愛されている","難しい","一直線に伸びていて丈夫だ","真っ青で美しい","純粋で汚れを知らない","綺麗な球体で熟している","破竹の勢いで人が犠牲になる","どんどん面倒な事になっている","計画的で着実に進んでいく","朗らかでのんびりとしている","巨大で微動だにせず厳かだ","困難で深みにはまっている","浮気性で情熱的だ","義務で周期的でヘビーだ","綺麗に咲いていてすぐに消えてしまう","フェアで対等にジャッジされる",2,2,3,1,3,1,2,3,1,2,2,3,1,2,1,1,1,3,3,3,3,2,1,2,2,2,3,1,2,1,"","","","","","","","","","","","","","","","","","","","","","","","","","","","","","",NA,NA,NA,NA,NA,NA,NA,NA,NA,NA,NA,NA,NA,NA,NA,NA,NA,NA,NA,NA,NA,NA,NA,NA,NA,NA,NA,NA,NA,NA,"","","","","","","","","","","","","","","","","","","","","","","","","","","","","","",NA,NA,NA,NA,NA,NA,NA,NA,NA,NA,NA,NA,NA,NA,NA,NA,NA,NA,NA,NA,NA,NA,NA,NA,NA,NA,NA,NA,NA,NA,857677
"80",80,2,33,3,"","","","","","","","","","","","","","","","","","","","","","","","","","","","","","",NA,NA,NA,NA,NA,NA,NA,NA,NA,NA,NA,NA,NA,NA,NA,NA,NA,NA,NA,NA,NA,NA,NA,NA,NA,NA,NA,NA,NA,NA,"","","","","","","","","","","","","","","","","","","","","","","","","","","","","","",NA,NA,NA,NA,NA,NA,NA,NA,NA,NA,NA,NA,NA,NA,NA,NA,NA,NA,NA,NA,NA,NA,NA,NA,NA,NA,NA,NA,NA,NA,"とげがあり相手を悲しませる","円形できらきらしている","山あり谷ありで、やりがいがある","綺麗に飛ぶ","永遠に継続する","酷く、人に影響を与える","人を悲しませ、とげがある","健康を損ない、リスクがある","月のようで綺麗だ","綺麗で透き通っている","鼠色でどんよりしている","四角形で雪のように白く壊れやすい","思いがけず瞬間的に電流が走ったみたいだ","人数が多く一貫して人を育成する","愛嬌があり可愛がられていて自己中心的だ","理解できないで解読できず、難解だ","ピンっと背筋が伸びており、頑丈で鼠色だ","曇りがなく美しく日光を反射している","美しく純粋で心が和む","リンゴのように球体で真っ赤で、垂れさがっている","抑えがたい","風船のようにどんどん膨れていく","順を追って進んでいく","心地よい","どっしりとしている","大変だ","変化する","返済しなくてはいけない","太陽のようだ","平等だ",1,3,3,1,1,1,3,1,3,1,1,1,2,1,1,1,1,1,1,3,1,2,1,1,2,1,1,1,2,1,496062
"81",81,2,56,1,"ナイフのようだ","ボールのようだ","登山のようだ","きれいだ","流れ続ける","凄まじい","剃刀のようだ","死期を早める","素晴らしい","綺麗だ","陰鬱だ","脆弱で、箱型だ","瞬間に、襲い掛かる","大人数で、個性がない","愛らしく、大事にされている","理解できず、解読できない","直立しており、頑丈だ","透明で、美しい","美しく、純真だ","円形で、朱色だ","動き続け、勢力が強く、人を引き入れる","膨張し、増大し、面倒だ","順を追っていて、蓄積し、少しづつ前進する","柔らかく、ぬるく、力がない","巨大で、不動で、いかめしい","苦しいが、免れられず、幽閉される","変遷し、反復し、凄まじい","納めるべきもので、周期的で、重圧がある","円形で、紅色で、永久的ではない","公正で、偏らず、判定される",2,2,2,1,1,1,2,1,1,1,1,1,1,1,1,1,1,1,1,1,1,1,1,1,1,1,1,1,1,1,"","","","","","","","","","","","","","","","","","","","","","","","","","","","","","",NA,NA,NA,NA,NA,NA,NA,NA,NA,NA,NA,NA,NA,NA,NA,NA,NA,NA,NA,NA,NA,NA,NA,NA,NA,NA,NA,NA,NA,NA,"","","","","","","","","","","","","","","","","","","","","","","","","","","","","","",NA,NA,NA,NA,NA,NA,NA,NA,NA,NA,NA,NA,NA,NA,NA,NA,NA,NA,NA,NA,NA,NA,NA,NA,NA,NA,NA,NA,NA,NA,365658
"82",82,1,42,2,"","","","","","","","","","","","","","","","","","","","","","","","","","","","","","",NA,NA,NA,NA,NA,NA,NA,NA,NA,NA,NA,NA,NA,NA,NA,NA,NA,NA,NA,NA,NA,NA,NA,NA,NA,NA,NA,NA,NA,NA,"人を不愉快にさせ、心に大きなダメージを与える","まんまるで、まぶしくて真っ赤","とても難しく、充実感があり、辛い","華麗に踊り、魅力的だ","停止できず、思うように動かせない","とても酷く、様々な人を傷つけ、いきなり起きる","人の心を損ない、すばやく弱い部分を責める","健康を害し、人に迷惑をかけ、煙が出る","綺麗な球体をしており、純白である","綺麗で透き通っており、きめ細かい","薄暗い","いまにも倒壊しそうだ","瞬く間に起こった","マンモス校だ","キュートだ","意味不明である","曲がっていない","綺麗な水のようだ","目に入れても痛くない","ボールみたいだ","どこまでも突き進む","知れ渡り、誰もが知ることになる","順序通りで、確実に上達する","柔らかく、ポカポカする","偉大で貫禄がある","やりたくないが、やらなければならない","すぐどこかにいき、とどまることはない","絶対で、決まった間隔で払わないといけない","角がなく、さくらんぼのような色をしている","正直で、しっかりしている",3,1,1,3,1,1,3,1,1,1,1,1,1,3,1,1,1,2,3,2,1,1,1,1,3,1,1,1,2,1,"","","","","","","","","","","","","","","","","","","","","","","","","","","","","","",NA,NA,NA,NA,NA,NA,NA,NA,NA,NA,NA,NA,NA,NA,NA,NA,NA,NA,NA,NA,NA,NA,NA,NA,NA,NA,NA,NA,NA,NA,918565
"83",83,1,52,3,"","","","","","","","","","","","","","","","","","","","","","","","","","","","","","",NA,NA,NA,NA,NA,NA,NA,NA,NA,NA,NA,NA,NA,NA,NA,NA,NA,NA,NA,NA,NA,NA,NA,NA,NA,NA,NA,NA,NA,NA,"","","","","","","","","","","","","","","","","","","","","","","","","","","","","","",NA,NA,NA,NA,NA,NA,NA,NA,NA,NA,NA,NA,NA,NA,NA,NA,NA,NA,NA,NA,NA,NA,NA,NA,NA,NA,NA,NA,NA,NA,"どぎつい","大きな円で、光りを放っている","困難ゆえに、やりがいがある","きれいに、羽ばたく","中断されることなく経過する","荒々しく、人を犠牲にする","人の心をばっさりと苦しめる","短命になってしまうほど害がある","綺麗な円形だ","綺麗でガラスのようだ","深海のように真っ暗でどんよりしている","崩れやすく、角砂糖のようだ","瞬時に起こり、しびれる","一様な生徒に教育される","愛嬌があり、甘やかされているので自己中心的だ","理解できず、難解だ","直立しており頑強で、鼠色だ","清らかで美しく、鏡のようだ","純粋で、心がなごむ","夕日のように、垂れ下がっている","制御不能だ","ますます怪しい","徐々にステップアップしていく","柔らかい","巨大だ","苦しい","長れ行く","支払いの義務がある","円形だ","フェアだ",1,1,1,1,1,1,1,1,1,2,2,2,1,1,1,1,1,2,1,2,1,1,1,1,1,1,1,1,1,1,682632
"84",84,2,36,2,"","","","","","","","","","","","","","","","","","","","","","","","","","","","","","",NA,NA,NA,NA,NA,NA,NA,NA,NA,NA,NA,NA,NA,NA,NA,NA,NA,NA,NA,NA,NA,NA,NA,NA,NA,NA,NA,NA,NA,NA,"暴力的で、ナイフのように尖って、精神をぼろぼろにする","球体で、磨かれたルビーのようだ","登山のようで、やりがいがあり、苦悩がある","きれいで、ひらひら飛び、色鮮やかだ","止めどなく、砂時計のように落ちて、元に戻らない","荒々しく、多くを犠牲にし、事故のように突発的に発生する","誰かを叩きのめし、鋭利に、核心に迫る","不健康で、毒のようで、煙を出す","整っており、満月のようで、ガラスのようだ","キラキラして、透き通って、デリケートだ","くすんでいる","危うい","瞬く間のハプニングだ","子どもの大群がいる","赤ちゃんのようだ","読めない記号だ","建物に刺さっている","一点の曇りもない","宝物だ","コロコロしている","深刻化して、終わりが見えない","止めどなく溢れ出し、広まっている","順序立てて、繰り返される","柔らかく、日だまりにいるようだ","壮大で、揺らぎがない","困難だが、ごまかせない","はかなく、限りがない","消えることはなく、断続的だ","円形で、口紅のようだ","正しく、分け隔てない",2,2,2,1,2,2,2,1,2,1,1,1,1,1,2,1,2,2,2,1,1,1,1,2,1,1,1,1,2,1,"","","","","","","","","","","","","","","","","","","","","","","","","","","","","","",NA,NA,NA,NA,NA,NA,NA,NA,NA,NA,NA,NA,NA,NA,NA,NA,NA,NA,NA,NA,NA,NA,NA,NA,NA,NA,NA,NA,NA,NA,202659
"85",85,1,42,1,"ナイフだ","盆のようだ","茨の道だ","可愛らしい","動き続ける","嵐のようだ","心をえぐる","毒だった","素敵だ","きれいだ","暗灰色だ","角砂糖のようだ","瞬間的にやってくる","軍事基地のようだ","猫可愛がりされている","判読不能だ","直立不動だ","澄明だ","ピュアだ","夕日のようだ","台風の目だ","毒ガスのように広がる","段階的に漸進する","生ぬるい","雄大だ","奴隷労働だ","無限だ","呪いのようだ","沈む直前の夕日のようだ","公明正大に下される",2,2,2,1,1,2,1,1,1,1,1,2,1,2,3,1,1,1,1,2,2,2,1,1,1,1,1,2,2,1,"","","","","","","","","","","","","","","","","","","","","","","","","","","","","","",NA,NA,NA,NA,NA,NA,NA,NA,NA,NA,NA,NA,NA,NA,NA,NA,NA,NA,NA,NA,NA,NA,NA,NA,NA,NA,NA,NA,NA,NA,"","","","","","","","","","","","","","","","","","","","","","","","","","","","","","",NA,NA,NA,NA,NA,NA,NA,NA,NA,NA,NA,NA,NA,NA,NA,NA,NA,NA,NA,NA,NA,NA,NA,NA,NA,NA,NA,NA,NA,NA,310359
"86",86,1,46,3,"","","","","","","","","","","","","","","","","","","","","","","","","","","","","","",NA,NA,NA,NA,NA,NA,NA,NA,NA,NA,NA,NA,NA,NA,NA,NA,NA,NA,NA,NA,NA,NA,NA,NA,NA,NA,NA,NA,NA,NA,"","","","","","","","","","","","","","","","","","","","","","","","","","","","","","",NA,NA,NA,NA,NA,NA,NA,NA,NA,NA,NA,NA,NA,NA,NA,NA,NA,NA,NA,NA,NA,NA,NA,NA,NA,NA,NA,NA,NA,NA,"的を得ている","赤々としている","やりがいがある","華麗に飛ぶ","止められない","過激になる","ぐうの音も出ない","死を早める","綺麗な玉だ","向こうを見透かせる","どんよりしている","紙でできてるようだ","雷に打たれたようだ","工場の様だ","女王の様だ","難解だ","電柱みたいだ","鏡の様だ","天使だ","提灯みたいだ","不可避だ","止めどなく増える","プロセス重視だ","包まれるようだ","雄々しい","我慢を強いられる","旅人のようだ","避けられない","玉のようだ","偏見がない",1,1,1,1,1,1,3,1,1,2,1,2,2,2,2,1,2,2,2,2,1,2,1,2,2,1,2,1,2,1,315448
"87",87,1,39,3,"","","","","","","","","","","","","","","","","","","","","","","","","","","","","","",NA,NA,NA,NA,NA,NA,NA,NA,NA,NA,NA,NA,NA,NA,NA,NA,NA,NA,NA,NA,NA,NA,NA,NA,NA,NA,NA,NA,NA,NA,"","","","","","","","","","","","","","","","","","","","","","","","","","","","","","",NA,NA,NA,NA,NA,NA,NA,NA,NA,NA,NA,NA,NA,NA,NA,NA,NA,NA,NA,NA,NA,NA,NA,NA,NA,NA,NA,NA,NA,NA,"棘のようだ","電球のようだ","まるで登山だ","バレリーナのようだ","川のようだ","雪崩のようだ","刃のようだ","毒だ","まるで満月だ","水晶のようだ","重苦しい気分のようだ","角砂糖のようだ","まるで雷に打たれたようだ","まるで工場だ","お姫様のようだ","難解なパズルだ","電柱のようだ","湖面のようだ","子猫のようだ","提灯のようだ","まるで土砂崩れだ","風船のようだ","階段を上るようだ","柔らかい","まるで巨人だ","苦行のようだ","季節のようだ","税金のようだ","ボールのようだ","中立だ",2,2,2,2,2,2,2,2,2,2,2,2,2,2,2,2,2,2,2,2,2,2,2,1,2,2,2,2,2,2,754226
"88",88,1,30,2,"","","","","","","","","","","","","","","","","","","","","","","","","","","","","","",NA,NA,NA,NA,NA,NA,NA,NA,NA,NA,NA,NA,NA,NA,NA,NA,NA,NA,NA,NA,NA,NA,NA,NA,NA,NA,NA,NA,NA,NA,"凶器である","火球のようだ","迷宮の域である","あでやかに羽ばたいている","ただ過ぎていくだけだ","天災のようだ","与一の一矢だ","死への導火線である","聖人の魂のようだ","バカラグラスのようだ","くすんでいる","脆弱だ","瞬く間にやってきた","にぎやかだ","愛らしい","ぴんとこない","一直線に伸びている","真っ青だ","愛嬌がある","くりっとしている","怒涛だ","いくらでも膨張し続ける","体系的な経験に基づく","心地よい","じっとそびえている","難関だ","勝手だ","いつまでも追いかけてくる","血溜りのようだ","マシーンのようだ",2,2,2,1,1,2,2,2,2,2,1,1,1,1,1,1,1,1,1,1,2,1,1,1,1,1,1,2,2,2,"","","","","","","","","","","","","","","","","","","","","","","","","","","","","","",NA,NA,NA,NA,NA,NA,NA,NA,NA,NA,NA,NA,NA,NA,NA,NA,NA,NA,NA,NA,NA,NA,NA,NA,NA,NA,NA,NA,NA,NA,970190
"89",89,2,53,3,"","","","","","","","","","","","","","","","","","","","","","","","","","","","","","",NA,NA,NA,NA,NA,NA,NA,NA,NA,NA,NA,NA,NA,NA,NA,NA,NA,NA,NA,NA,NA,NA,NA,NA,NA,NA,NA,NA,NA,NA,"","","","","","","","","","","","","","","","","","","","","","","","","","","","","","",NA,NA,NA,NA,NA,NA,NA,NA,NA,NA,NA,NA,NA,NA,NA,NA,NA,NA,NA,NA,NA,NA,NA,NA,NA,NA,NA,NA,NA,NA,"的を得ていて、人を苦しめる","大きく、光っている","厳しい過程を通過し、達成感がある","艶やかに、舞い踊る","止まる事なく過行く","凄まじく、人を引きずり込む","シャープで人にダメージを与える","死に急ぐようなもので、リスクが高い","綺麗で円い","輝くばかりで、透き通っている","薄墨色で、どんより薄暗く闇のようだ","崩れやすく、スクエアで明るい","瞬く間の事件で、いきなり来て、疼く","多くの人が居て、一貫的で、人を生み出す","愛らしく、大事にされており、勝手だ","理解できず、読み辛く、難解だ","直立していて、グレイで、スマートに見える","透き通っていて、美しくて、輝いて見える","愛らしく、純粋で、心が和む","まあるく、熟れて、つり下がっている","抑えられない","膨れ返る","順序に沿って進む","穏やかだ","雄大だ","大変","変わっていく","支払いの義務がある","丸っこい","公正だ",1,1,1,3,1,1,1,2,1,1,2,3,1,1,1,1,3,1,1,1,1,1,1,1,1,3,1,1,1,1,551330
"90",90,1,36,1,"突き刺さる","円形だ","茨の道だ","花のようだ","動き続ける","大地震だ","刺々しい","余命を奪う","綺麗","神秘的だ","ドブネズミのようだ","砂上の箱だ","いきなり襲ってくる","多人数の上、同一性思考だ","キュートで、愛されている","難解で、理解できない","直立して頑強だ","突き抜けるようで、美しい","愛らしく、純粋だ","まん丸で、紅色だ","不可侵で、雪崩のように、人を飲み込む","膨張し、拡大して、面倒だ","順序よく、段々と、少しずつ前進する","穏やかで、ほんのりとして、微か","どでかく、不動で、貫禄がある","キツイが、避けられず、軟禁される","とめどなく、何度も、熱烈だ","返済が不可欠で、毎回、うっとうしい","輪のような、夕焼けで、繊細だ","厳正で、正しく、裁きを下す",1,2,2,2,1,2,2,1,1,1,2,2,1,1,1,1,1,1,1,1,2,1,1,1,1,1,1,1,2,1,"","","","","","","","","","","","","","","","","","","","","","","","","","","","","","",NA,NA,NA,NA,NA,NA,NA,NA,NA,NA,NA,NA,NA,NA,NA,NA,NA,NA,NA,NA,NA,NA,NA,NA,NA,NA,NA,NA,NA,NA,"","","","","","","","","","","","","","","","","","","","","","","","","","","","","","",NA,NA,NA,NA,NA,NA,NA,NA,NA,NA,NA,NA,NA,NA,NA,NA,NA,NA,NA,NA,NA,NA,NA,NA,NA,NA,NA,NA,NA,NA,241111
"91",91,2,28,3,"","","","","","","","","","","","","","","","","","","","","","","","","","","","","","",NA,NA,NA,NA,NA,NA,NA,NA,NA,NA,NA,NA,NA,NA,NA,NA,NA,NA,NA,NA,NA,NA,NA,NA,NA,NA,NA,NA,NA,NA,"","","","","","","","","","","","","","","","","","","","","","","","","","","","","","",NA,NA,NA,NA,NA,NA,NA,NA,NA,NA,NA,NA,NA,NA,NA,NA,NA,NA,NA,NA,NA,NA,NA,NA,NA,NA,NA,NA,NA,NA,"まるでナイフだ","ランプのようだ","登山のようだ","踊り子だ","流動的だ","台風のようだ","ハサミのようだ","ダイナマイト","きれいな球体だ","ガラスのようだ","暗闇のようだ","豆腐のようだ","稲妻だ","工場だ","お姫様だ","難解だ","そびえたつグレーの塊だ","透明だ","ピュアで天使だ","裸電球のようだ","コントロールできない","風船のようだ","階段式だ","穏やかだ","巨大だ","過酷だ","移り気だ","不可避だ","丸みがある","正義だ",2,2,2,2,1,2,2,2,2,2,2,2,2,2,2,1,1,1,2,2,1,2,1,1,1,1,1,1,1,1,177641
"92",92,1,55,1,"刃物だ","リンゴだ","登山だ","可憐だ","制御できない","嵐だ","ナイフのようだ","自虐的だ","輝いている","芸術だ","薄墨の様だ","角砂糖だ","稲妻のようだ","工場の様だ","箱入り娘の様だ","暗号だ","墓標の様だ","清流の様だ","天使だ","太陽の様だ","戦争の様だ","腫れ物の様だ","階段の様だ","春風だ","山の様だ","牢獄の様だ","台風の様だ","鉛の様だ","ロウソクの炎の様だ","中立だ",2,2,2,1,1,2,2,1,1,2,2,2,2,2,2,2,2,2,2,2,2,2,2,2,2,2,2,2,2,1,"","","","","","","","","","","","","","","","","","","","","","","","","","","","","","",NA,NA,NA,NA,NA,NA,NA,NA,NA,NA,NA,NA,NA,NA,NA,NA,NA,NA,NA,NA,NA,NA,NA,NA,NA,NA,NA,NA,NA,NA,"","","","","","","","","","","","","","","","","","","","","","","","","","","","","","",NA,NA,NA,NA,NA,NA,NA,NA,NA,NA,NA,NA,NA,NA,NA,NA,NA,NA,NA,NA,NA,NA,NA,NA,NA,NA,NA,NA,NA,NA,188601
"93",93,1,45,1,"攻撃的だ","円形だ","困難が続くことが予想される","きれいだ","動き続ける","すさまじい","ナイフのようだ","健康に悪い","きれいだ","きれいだ","光を閉ざす","豆腐のようだ","稲妻のようだ","テーマパークのようだ","自分の子供のように扱われている","難しい","鉄の塔のようだ","美しい湖のようだ","生まれたての赤ん坊のようだ","太陽のようだ","台風のようだ","ウイルスのように増幅している","登山のようだ","赤ん坊の吐息のようだ","大仏のようだ","強制労働のようだ","日本の四季のようだ","常に重圧だ","線香花火のようだ","神の裁きのようだ",2,1,1,1,1,1,2,1,1,1,3,2,2,2,2,1,2,2,2,2,2,2,2,2,2,2,2,1,2,2,"","","","","","","","","","","","","","","","","","","","","","","","","","","","","","",NA,NA,NA,NA,NA,NA,NA,NA,NA,NA,NA,NA,NA,NA,NA,NA,NA,NA,NA,NA,NA,NA,NA,NA,NA,NA,NA,NA,NA,NA,"","","","","","","","","","","","","","","","","","","","","","","","","","","","","","",NA,NA,NA,NA,NA,NA,NA,NA,NA,NA,NA,NA,NA,NA,NA,NA,NA,NA,NA,NA,NA,NA,NA,NA,NA,NA,NA,NA,NA,NA,251757
"94",94,1,47,2,"","","","","","","","","","","","","","","","","","","","","","","","","","","","","","",NA,NA,NA,NA,NA,NA,NA,NA,NA,NA,NA,NA,NA,NA,NA,NA,NA,NA,NA,NA,NA,NA,NA,NA,NA,NA,NA,NA,NA,NA,"直球で飛んでくる","りんごのようだ","山登りのようだ","華麗だ","どうすることもできない","嵐のようだ","傷をえぐるようだ","自殺行為そのものだ","至玉のようだ","ガラスのようだ","薄暗い","倒壊する可能性がある","あっという間だった","にぎわっている","人気がある","演奏不可能だ","垂直だ","透き通っている","愛おしい","ボールのようだ","活気がある","にぎわうだろう","徐々にレベルアップする","さわやかだ","重しのようだ","困難だが経ち向かうしかない","浮気性だ","自動引き落としのようだ","トマトのようだ","紳士的だ",1,2,2,1,1,1,2,1,2,2,1,1,1,1,1,1,1,1,1,2,1,3,1,1,2,3,1,3,2,1,"","","","","","","","","","","","","","","","","","","","","","","","","","","","","","",NA,NA,NA,NA,NA,NA,NA,NA,NA,NA,NA,NA,NA,NA,NA,NA,NA,NA,NA,NA,NA,NA,NA,NA,NA,NA,NA,NA,NA,NA,767749
"95",95,1,39,2,"","","","","","","","","","","","","","","","","","","","","","","","","","","","","","",NA,NA,NA,NA,NA,NA,NA,NA,NA,NA,NA,NA,NA,NA,NA,NA,NA,NA,NA,NA,NA,NA,NA,NA,NA,NA,NA,NA,NA,NA,"棘のようだ","とても赤い","とても難しい","美しい","永遠だ","雪崩のようだ","正論だ","害悪だ","水滴のようだ","ガラス細工のようだ","鉛だ","砂のようだ","瞬きのようだ","巣のようだ","愛くるしい","難解だ","墓標のようだ","綺麗だ","天使のようだ","鞠のようだ","濁流のようだ","風船のようだ","積み木のようだ","心地よい","不動だ","監獄のようだ","季節のようだ","毎月ある","太陽のようだ","天秤のようだ",2,1,1,1,2,2,1,1,2,2,2,2,2,2,1,1,2,1,2,2,2,2,2,1,2,2,2,3,2,2,"","","","","","","","","","","","","","","","","","","","","","","","","","","","","","",NA,NA,NA,NA,NA,NA,NA,NA,NA,NA,NA,NA,NA,NA,NA,NA,NA,NA,NA,NA,NA,NA,NA,NA,NA,NA,NA,NA,NA,NA,730942
"96",96,1,43,3,"","","","","","","","","","","","","","","","","","","","","","","","","","","","","","",NA,NA,NA,NA,NA,NA,NA,NA,NA,NA,NA,NA,NA,NA,NA,NA,NA,NA,NA,NA,NA,NA,NA,NA,NA,NA,NA,NA,NA,NA,"","","","","","","","","","","","","","","","","","","","","","","","","","","","","","",NA,NA,NA,NA,NA,NA,NA,NA,NA,NA,NA,NA,NA,NA,NA,NA,NA,NA,NA,NA,NA,NA,NA,NA,NA,NA,NA,NA,NA,NA,"突き刺さる","宝石のようだ","ゴールまで遠い","煌めく","ノンストップだ","人を飲み込んだ","バラのとげだ","有害だ","月のようだ","宝石のようだ","どんよりしている","豆腐のようだ","ガツンとくる","軍隊のようだ","勝手気ままだ","難解だ","灰色鉛筆のようだ","透き通り煌めく","天使のようだ","零れ落ちそうだ","雪崩のようだ","積みあがる","着実に蓄積される","心地よい","雄大だ","涙が出る","儚い","逃れられない","円のようだ","信頼できる",3,2,2,1,3,2,2,1,2,2,1,2,3,2,1,1,2,1,2,1,2,1,1,3,1,2,1,3,2,1,721899
"97",97,2,40,2,"","","","","","","","","","","","","","","","","","","","","","","","","","","","","","",NA,NA,NA,NA,NA,NA,NA,NA,NA,NA,NA,NA,NA,NA,NA,NA,NA,NA,NA,NA,NA,NA,NA,NA,NA,NA,NA,NA,NA,NA,"人に対し痛烈で、的を得ているため、胸にのしかかる","円く、煌めいていて、紅色","困難な行程だが、やりがいがある。しかし辛い","華麗に飛びまわり、華がある","進んだままで、抗えない","過激で、他人を害し、突発的だ","誰かを傷めつけるナイフのようだが、芯を捉えている","健康を害し、危ないし、発火する","麗しく、柔らかな形で、透明感がある","きれいで、透き通っていて、デリケートだ","グレーだ","弱い","瞬く間の事象だ","生徒数が多い","キュート","読めない","すくっとそびえている","爽快な色をしている","めんこい","丸みを帯びている","制止できず、勢力が強い","溢れ出すように、強くなっていく","基礎を重ねていき、ステップアップする","まろやかで、やさしい","壮大で、根を張っている","苦しいが、辞められない","移ろい、リピートする","いつも決められ時に、支払い義務がある","丸っこくて、真っ赤だ","誠実な判断で、すべての人に公平だ",3,1,3,1,1,1,2,1,1,1,1,1,3,1,1,1,1,1,1,1,1,2,3,3,1,3,3,1,1,1,"","","","","","","","","","","","","","","","","","","","","","","","","","","","","","",NA,NA,NA,NA,NA,NA,NA,NA,NA,NA,NA,NA,NA,NA,NA,NA,NA,NA,NA,NA,NA,NA,NA,NA,NA,NA,NA,NA,NA,NA,487874
"98",98,1,32,2,"","","","","","","","","","","","","","","","","","","","","","","","","","","","","","",NA,NA,NA,NA,NA,NA,NA,NA,NA,NA,NA,NA,NA,NA,NA,NA,NA,NA,NA,NA,NA,NA,NA,NA,NA,NA,NA,NA,NA,NA,"バラのとげのよう","電球のようだ","修行のようだ","バレエダンサーのようだ","川のようだ","雪崩のようだ","刃物のように鋭い","時限爆弾のようだ","水滴のようだ","飴細工のようだ","ネズミのようだ","砂の城のようだ","まばたきのようだ","蜂の巣のようだ","ぬいぐるみのようだ","暗号のようだ","大黒柱のようだ","南国の海のようだ","お人形のようだ","ボールのようだ","暴走機関車のようだ","ビールの泡のようだ","ピラミッドのようだ","毛布のようだ","大仏のようだ","牢獄のようだ","ファッショントレンドのようだ","時報のようだ","太陽のようだ","給食のようだ",2,2,2,2,2,2,2,2,2,2,2,2,2,2,2,2,2,2,2,2,2,2,2,2,2,2,2,2,2,2,"","","","","","","","","","","","","","","","","","","","","","","","","","","","","","",NA,NA,NA,NA,NA,NA,NA,NA,NA,NA,NA,NA,NA,NA,NA,NA,NA,NA,NA,NA,NA,NA,NA,NA,NA,NA,NA,NA,NA,NA,670775
"99",99,2,42,2,"","","","","","","","","","","","","","","","","","","","","","","","","","","","","","",NA,NA,NA,NA,NA,NA,NA,NA,NA,NA,NA,NA,NA,NA,NA,NA,NA,NA,NA,NA,NA,NA,NA,NA,NA,NA,NA,NA,NA,NA,"人の心を壊す","銅メダルのようだ","いばらの道で、満たされるが、辛い","踊り子のようだ","川のようだ","かみなりのようだ","ナイフだ","火事だ","涙のようだ","ガラス細工だ","煙のようだ","砂の山だ","とっさに起きた","生徒が多い","天使だ","理解できない","直立している","清らかだ","愛おしい","提灯だ","ウイルス感染のように盛んである","膨張し巨大化した","山登りのようだ","思いやりがあり、うららかだ","大仏のようだ","苦しいが回避できない","季節のようだ","くり返し支払わなければならない","トマトのようだ","正当だ",1,2,1,2,2,2,2,2,2,2,2,2,1,1,2,1,1,1,1,2,2,1,2,1,2,1,2,1,2,1,"","","","","","","","","","","","","","","","","","","","","","","","","","","","","","",NA,NA,NA,NA,NA,NA,NA,NA,NA,NA,NA,NA,NA,NA,NA,NA,NA,NA,NA,NA,NA,NA,NA,NA,NA,NA,NA,NA,NA,NA,335968
"100",100,2,50,2,"","","","","","","","","","","","","","","","","","","","","","","","","","","","","","",NA,NA,NA,NA,NA,NA,NA,NA,NA,NA,NA,NA,NA,NA,NA,NA,NA,NA,NA,NA,NA,NA,NA,NA,NA,NA,NA,NA,NA,NA,"ナイフのようだ","ルビー色の燃える円盤のようだ","エベレストの頂上を目指す登山家のように厳しいものだ","あでやかな衣装をまとった踊り子のようだ","川の急流のようだ","病の発作のようだ","殺し屋が標的に向ける刃のようだ","命につけられた導火線のようだ","真冬の空の満月のようだ","透き通ったガラス細工のようだ","鉛のような重苦しい色をしている","今にも崩れ落ちそうだ","瞬きをする間もない刹那のことだ","多くの生徒が通っている","愛くるしい","簡単には演奏できそうもないほど難解だ","空に向かってすっくと伸びている","雲ひとつない青空だ","彼が目に入れても痛くないほどだ","机に置けば転がりそうだ","誰にも止められない川の流れのようだ","黒い風船のようにかさを増していく","基礎から応用まで積み上げてゆく","春の訪れを連想させる","雄大で何万年も前からそこにとどまっている","下ろすことの許されない重荷のようだ","毎年訪れる四季の風景のようだ","一定期間ごとに支払い義務がある","夕日のようだ","誰に対しても偏ることがない",2,2,2,2,2,2,2,2,2,2,2,1,3,1,1,3,3,1,2,1,2,2,1,2,1,2,2,1,2,1,"","","","","","","","","","","","","","","","","","","","","","","","","","","","","","",NA,NA,NA,NA,NA,NA,NA,NA,NA,NA,NA,NA,NA,NA,NA,NA,NA,NA,NA,NA,NA,NA,NA,NA,NA,NA,NA,NA,NA,NA,566899
"101",101,1,32,3,"","","","","","","","","","","","","","","","","","","","","","","","","","","","","","",NA,NA,NA,NA,NA,NA,NA,NA,NA,NA,NA,NA,NA,NA,NA,NA,NA,NA,NA,NA,NA,NA,NA,NA,NA,NA,NA,NA,NA,NA,"","","","","","","","","","","","","","","","","","","","","","","","","","","","","","",NA,NA,NA,NA,NA,NA,NA,NA,NA,NA,NA,NA,NA,NA,NA,NA,NA,NA,NA,NA,NA,NA,NA,NA,NA,NA,NA,NA,NA,NA,"的を得ている","きれいで眩しい","道のりは遠いが、成功した時の達成感は他のものに変えられないだろう","美しく飛んでいる","常に動いている","凄まじく、他人を巻き込んでしまった","相手の弱みをつけ込んでいる","健康を害する恐れがある","星のように輝いている","大きく透き通っている","光を通さない","画用紙のように白く、今にも倒れそう","突発的に起き、電流が走ったようだ","最先端でたくさんの人を輩出している","大切に育てられているせいか、言うことを聞かないが、かわいい","見たことのないよう内容で解読するのが困難だ","空高く伸び、煙色に染まっている","くすみがなく、一本の道筋ができているようだ","小さいため無邪気で、心が清らかになる","実が熟して、きれいに咲いている","終わることを知らない","膨大になっている","一つ一つ積み上げていく","穏やか","偉大","苦痛","変化する","逃れることができない","コインのようだ","私情がなくていい",1,1,1,1,1,1,1,1,2,1,1,2,2,1,1,1,1,2,1,1,1,1,1,1,1,1,1,1,2,1,691360
"102",102,1,53,2,"","","","","","","","","","","","","","","","","","","","","","","","","","","","","","",NA,NA,NA,NA,NA,NA,NA,NA,NA,NA,NA,NA,NA,NA,NA,NA,NA,NA,NA,NA,NA,NA,NA,NA,NA,NA,NA,NA,NA,NA,"殺伐としていて、鋭利な刃物で、心を抉る","まん丸で、光っており、染まっている","前途多難だけど、満足感が得られ、しんどい","綺麗で、飛び交い、煌びやかだ","ストップできず、進んで、抵抗できない","荒々しく、人に迷惑をかけ、突発的だ","人に悲しい思いをさせ、鋭利な刃物のように、人の心を抉る","死期を早めて、害があり、火をおこす","綺麗で、まん丸で、透けて見える","綺麗で、透き通っていて、触れただけで壊れてしまいそう","グレーだ","壊れやすい","一時的なものだ","大勢の人がいる","愛らしい","理解できない","垂直になっている","透き通るようだ","愛らしい","円形","制止できず、怒涛のように押し寄せる","破裂しそうになり、巨大になる","順序良く組み立てられていて、レベルアップする","気持ち良く、ほんわかしている","巨大で、ビクともしない","しんどいが、避けることはできない","ころころと変わり、止まらない","逃げることはできず、周期的だ","まん丸で、紅色だ","偏らず、正しい",2,1,1,1,1,2,2,2,1,2,1,1,2,1,1,1,1,1,1,1,2,1,1,2,2,1,1,1,1,1,"","","","","","","","","","","","","","","","","","","","","","","","","","","","","","",NA,NA,NA,NA,NA,NA,NA,NA,NA,NA,NA,NA,NA,NA,NA,NA,NA,NA,NA,NA,NA,NA,NA,NA,NA,NA,NA,NA,NA,NA,149720
"103",103,1,54,3,"","","","","","","","","","","","","","","","","","","","","","","","","","","","","","",NA,NA,NA,NA,NA,NA,NA,NA,NA,NA,NA,NA,NA,NA,NA,NA,NA,NA,NA,NA,NA,NA,NA,NA,NA,NA,NA,NA,NA,NA,"","","","","","","","","","","","","","","","","","","","","","","","","","","","","","",NA,NA,NA,NA,NA,NA,NA,NA,NA,NA,NA,NA,NA,NA,NA,NA,NA,NA,NA,NA,NA,NA,NA,NA,NA,NA,NA,NA,NA,NA,"心を害し節度を越えている","円形で眩しい","難しいが充実している","優雅に飛んでいる","永遠に続いている","荒々しく、人を危険にさらす","辛辣で露骨だ","短命になり体に毒だ","輝く玉のようだ","綺麗で透き通っている","漆黒の暗闇だ","崩れやすく、箱型で、何色に染まっていない","瞬く間で、唐突な衝撃的だ","大勢の人間がいて一様に揃った人間を作り出す","愛おしく、大事にされていて、優柔不断だ","解読不能で難解だ","直線的で頑丈なねずみ色の建造物だ","透き通っていて美しく眩しい","愛おしく、穢れがないので、心が安らぐ","朱色の球の様に枝に生っている","制止できない","大きくなっていく","一歩ずつ進む","心地よい","雄大だ","とても疲れる","時間とともに変化する","納める必要がある","曲線的だ","偏りがない",1,1,1,1,1,1,1,1,2,1,2,1,1,1,1,1,1,1,1,2,1,1,1,1,1,1,1,1,1,1,645128
"104",104,1,48,1,"ナイフのようだ","柿の実のようだ","茨の道だ","芸術品のようだ","滝のようだ","猛牛のようだ","棘がある","時限爆弾だ","輝かしい","宝石のようだ","噴煙のようだ","豆腐のようだ","雷のようだ","軍隊のようだ","宝物だ","暗号のようだ","柱のようだ","水面のようだ","天使のようだ","夕日のようだ","嵐のようだ","悪性腫瘍のようだ","亀の歩みのようだ","観音様の瞬きのようだ","大仏のようだ","牢獄のようだ","燃え盛る炎だ","悪魔の集金人だ","女の命のようだ","コンピューターだ",2,2,2,2,2,2,2,2,1,2,2,2,2,2,2,2,2,2,2,2,2,2,2,2,2,2,2,2,2,2,"","","","","","","","","","","","","","","","","","","","","","","","","","","","","","",NA,NA,NA,NA,NA,NA,NA,NA,NA,NA,NA,NA,NA,NA,NA,NA,NA,NA,NA,NA,NA,NA,NA,NA,NA,NA,NA,NA,NA,NA,"","","","","","","","","","","","","","","","","","","","","","","","","","","","","","",NA,NA,NA,NA,NA,NA,NA,NA,NA,NA,NA,NA,NA,NA,NA,NA,NA,NA,NA,NA,NA,NA,NA,NA,NA,NA,NA,NA,NA,NA,823857
"105",105,2,29,3,"","","","","","","","","","","","","","","","","","","","","","","","","","","","","","",NA,NA,NA,NA,NA,NA,NA,NA,NA,NA,NA,NA,NA,NA,NA,NA,NA,NA,NA,NA,NA,NA,NA,NA,NA,NA,NA,NA,NA,NA,"","","","","","","","","","","","","","","","","","","","","","","","","","","","","","",NA,NA,NA,NA,NA,NA,NA,NA,NA,NA,NA,NA,NA,NA,NA,NA,NA,NA,NA,NA,NA,NA,NA,NA,NA,NA,NA,NA,NA,NA,"ナイフのようだ","ダイアモンドのようだ","登山のようだ","踊っている","進んでいる","ハリケーンのようだ","鋭利な刃物のようだ","命をすり減らす","上等だ","宝石のようだ","重苦しい","角砂糖のようだ","雷のようだ","工場のようだ","一人っ子のようだ","解読できない","塔のようだ","水面のようだ","天使のようだ","熟している","制御できない","大きくなる","一歩ずつ進んでいく","穏やかだ","雄大だ","苦痛だ","長く続かない","避けられない","美しい","信用できる",2,2,2,2,1,2,2,1,1,2,1,2,2,2,2,1,2,2,2,1,1,1,1,1,1,1,1,1,1,1,404206
"106",106,2,39,2,"","","","","","","","","","","","","","","","","","","","","","","","","","","","","","",NA,NA,NA,NA,NA,NA,NA,NA,NA,NA,NA,NA,NA,NA,NA,NA,NA,NA,NA,NA,NA,NA,NA,NA,NA,NA,NA,NA,NA,NA,"ナイフのようにとがり、突く","日の丸のようにきらきらしている","いばらの道で、心を満たしながらつらい","華麗に踊る","立ち止まることなく従うしかない","急に炎のように人に影響する","心なく、鋭利なナイフのようだ","早死に近くなり、激しく悪影響を及ぼす","角がなく透明感がある","細く透き通っていて弱弱しい","ねずみのような色だ","危なげだ","瞬きしている間に終わった","マンモス校だ","きゅんとする","理解できない","垂直だ","透明だ","抱きしめたくなる","ボールのような形だ","活気がありこれからも続く","沈静化することはない","一歩ずつ成長している","冬が終わった心地よさを感じる","どっしり構えている","避けて通れない","とどまることなく巡り巡る","ルーティーンの義務だ","ぷっくりとしていて紅色だ","人や状況で態度を変えない",2,2,2,1,1,2,2,1,1,1,2,1,1,2,1,1,1,1,1,2,1,1,1,1,1,1,1,1,1,1,"","","","","","","","","","","","","","","","","","","","","","","","","","","","","","",NA,NA,NA,NA,NA,NA,NA,NA,NA,NA,NA,NA,NA,NA,NA,NA,NA,NA,NA,NA,NA,NA,NA,NA,NA,NA,NA,NA,NA,NA,408654
"107",107,1,42,1,"凶器のようだ","角張が一切ない","ラビリンスだ","妖艶だ","進むのみ","狂おしい","暴走特急だ","死が近づく","奥ゆかしい","可憐だ","ダークグレーだ","ボロボロで箱のようだ","雷のようだ","同じような人が大勢いる","愛くるしくて後生大事にされている","理解不能でわからない","直立不動で頑丈だ","透明で見た目がいい","素敵でうぶだ","夕焼けのようだ","制御不能で人を傷つける","風船のようで面倒だ","順番通り実行して、着実にゴールを目指す","柔らかで、熱を感じて、細い","どっしりと、そびえている","苦しいが、他に手立てがなく、脱出不可能","次から次へ、何度も、強烈だ","返さないとダメで、毎回で、きつい","さくらんぼのようで、みすぼらしい","中立で、正当に、判定する",2,1,2,1,1,1,2,1,1,1,2,2,2,1,1,1,1,1,1,2,1,2,1,1,1,1,1,1,2,1,"","","","","","","","","","","","","","","","","","","","","","","","","","","","","","",NA,NA,NA,NA,NA,NA,NA,NA,NA,NA,NA,NA,NA,NA,NA,NA,NA,NA,NA,NA,NA,NA,NA,NA,NA,NA,NA,NA,NA,NA,"","","","","","","","","","","","","","","","","","","","","","","","","","","","","","",NA,NA,NA,NA,NA,NA,NA,NA,NA,NA,NA,NA,NA,NA,NA,NA,NA,NA,NA,NA,NA,NA,NA,NA,NA,NA,NA,NA,NA,NA,939170
"108",108,1,41,1,"ナイフのようだ","ボールのようだ","困難だ","宝石のようだ","川の流れのようだ","嵐のようだ","ナイフのようだ","時限爆弾だ","鏡のようだ","ガラスのようだ","煙のようだ","角砂糖のようだ","雷に打たれたようだ","牢獄のようだ","我が子のようだ","暗号だ","塔のようだ","水のようだ","天使のようだ","夕焼けのようだ","激流のようだ","目の上のたんこぶだ","亀のようだ","吐息のようだ","神のようだ","奴隷のようだ","嵐のようだ","ヤミ金のようだ","線香花火のようだ","神のようだ",2,2,1,2,2,2,2,2,2,2,2,2,2,2,2,2,2,2,2,2,2,2,2,2,2,2,2,2,2,2,"","","","","","","","","","","","","","","","","","","","","","","","","","","","","","",NA,NA,NA,NA,NA,NA,NA,NA,NA,NA,NA,NA,NA,NA,NA,NA,NA,NA,NA,NA,NA,NA,NA,NA,NA,NA,NA,NA,NA,NA,"","","","","","","","","","","","","","","","","","","","","","","","","","","","","","",NA,NA,NA,NA,NA,NA,NA,NA,NA,NA,NA,NA,NA,NA,NA,NA,NA,NA,NA,NA,NA,NA,NA,NA,NA,NA,NA,NA,NA,NA,230394
"109",109,1,32,1,"相手を侮辱する","眩しい","前途多難だ","興味深い","進み続ける","活発である","攻撃的だ","健康を害させる","十分な丸みを帯びている","透き通っている","層が厚い","豆腐だ","予測不可能だ","にぎやかだ","愛されている","難しい","聳え立っている","雲一つない","純粋だ","おいしそう","拡大し続けている","払拭できない","計画的である","快適である","雄大である","地獄だ","熱しやすく冷めにくい","苦しめ続ける","魅力的である","誰にでも納得がいく",1,1,1,1,1,1,1,1,1,1,1,2,1,1,1,1,1,1,1,1,1,1,1,1,1,2,1,1,1,1,"","","","","","","","","","","","","","","","","","","","","","","","","","","","","","",NA,NA,NA,NA,NA,NA,NA,NA,NA,NA,NA,NA,NA,NA,NA,NA,NA,NA,NA,NA,NA,NA,NA,NA,NA,NA,NA,NA,NA,NA,"","","","","","","","","","","","","","","","","","","","","","","","","","","","","","",NA,NA,NA,NA,NA,NA,NA,NA,NA,NA,NA,NA,NA,NA,NA,NA,NA,NA,NA,NA,NA,NA,NA,NA,NA,NA,NA,NA,NA,NA,512494
"111",111,1,50,1,"キツイ","碁石の様だ","前途多難だ","綺麗だ","戻すことは出来ない","キツイ","攻撃的だ","早死にの原因になる","クレオパトラの様だ","綺麗だ","ダークグレーだ","壊れやすい箱だ","あっという間にやって来る","似たような人がたくさんいる","チャーミングで大事にされている","読むのが難しい","直立堅固だ","透き通って美しい","綺麗で心が綺麗だ","太陽の様だ","激しく人に被害を与えながら衰えない","だんだん巨大化してどうにもならない","順序に従って歩みを積み重ねている","サクラが咲く頃の心地よい風の様だ","どっしりと構えて立派だ","そこから逃亡できないほどキツイ","何度もひどく移り気する","ずっと高く課せられている","長続きしない太陽の様だ","依怙贔屓の無く裁く",1,2,3,1,3,1,1,3,2,1,1,2,3,3,1,1,1,1,1,2,3,1,1,3,3,3,3,3,2,3,"","","","","","","","","","","","","","","","","","","","","","","","","","","","","","",NA,NA,NA,NA,NA,NA,NA,NA,NA,NA,NA,NA,NA,NA,NA,NA,NA,NA,NA,NA,NA,NA,NA,NA,NA,NA,NA,NA,NA,NA,"","","","","","","","","","","","","","","","","","","","","","","","","","","","","","",NA,NA,NA,NA,NA,NA,NA,NA,NA,NA,NA,NA,NA,NA,NA,NA,NA,NA,NA,NA,NA,NA,NA,NA,NA,NA,NA,NA,NA,NA,404306
"116",116,1,28,1,"痛烈だ","真ん丸だ","前途多難だ","煌びやかだ","進み続ける","激烈だ","刃物（のよう）だ","体を蝕む","艶やかだ","可憐だ","黒く、淀んでいる","壊れやすく、角張っている","刹那の出来事で、予測できない","人が多くいて、似たり寄ったりだ","いじらしく、可愛がられている","難解で、判読出来ない","天高く伸びており、丈夫だ","透き通るようで、魅力的だ","天使のようで、純粋だ","円形で、赤みがかっている","進み続けて、強さがあり、人を吸い込む","次々と新たな事実が出てきて、巨大になり、難しくなっている","階段のように、連なっていて、少しずつ進む","柔らかく、ポカポカと、ほんのりしている","巨大で、微動だにせず、どっしりと構えている","苦しいが、捉えられているように、身動きできない","移ろいで、反復し、強烈だ","返さなければならず、周期的で、のしかかってくる","丸っこく、紅色で、散りやすい","どちらの側にもつかず、釣り合うように、ジャッジをする",1,1,1,1,1,1,2,1,1,1,1,1,1,1,1,1,1,1,2,1,1,1,2,1,2,2,1,1,1,1,"","","","","","","","","","","","","","","","","","","","","","","","","","","","","","",NA,NA,NA,NA,NA,NA,NA,NA,NA,NA,NA,NA,NA,NA,NA,NA,NA,NA,NA,NA,NA,NA,NA,NA,NA,NA,NA,NA,NA,NA,"","","","","","","","","","","","","","","","","","","","","","","","","","","","","","",NA,NA,NA,NA,NA,NA,NA,NA,NA,NA,NA,NA,NA,NA,NA,NA,NA,NA,NA,NA,NA,NA,NA,NA,NA,NA,NA,NA,NA,NA,255638
"117",117,2,36,1,"きつい","まんまるだ","難しい","すばらしい","ずっと続く","荒々しい","とげのようだ","体に毒だ","きれいだ","宝石のようだ","重くるしい","今にも崩れ落ちそうだ","瞬く間におこる","マンモス校で個性がない","愛らしく宝物のように扱われている","難しくわからない","まっすぐ空に伸びて揺るがない","透明で見たこともないくらい美しい","純真で愛らしい","団子のような形で炎のような色をしている","荒々しく周囲を飲み込んでいく","肥大しめんどくさい","理路整然と着実に進む","ソフトに包み込むような空気で緩やかだ","ものずごくどっしりとしており圧倒される","耐え難いがしばりつけられる","変化し、堂々巡りで、荒々しい","逃れられず、つねに重荷だ","ボールのようで地のような色をしており、消えてしまいそうだ","誰にでも等しく、ジャッジされる",1,1,1,1,1,1,2,1,1,2,1,2,1,1,2,1,2,1,1,2,3,1,1,3,1,3,1,1,2,1,"","","","","","","","","","","","","","","","","","","","","","","","","","","","","","",NA,NA,NA,NA,NA,NA,NA,NA,NA,NA,NA,NA,NA,NA,NA,NA,NA,NA,NA,NA,NA,NA,NA,NA,NA,NA,NA,NA,NA,NA,"","","","","","","","","","","","","","","","","","","","","","","","","","","","","","",NA,NA,NA,NA,NA,NA,NA,NA,NA,NA,NA,NA,NA,NA,NA,NA,NA,NA,NA,NA,NA,NA,NA,NA,NA,NA,NA,NA,NA,NA,818889
"123",123,1,55,2,"","","","","","","","","","","","","","","","","","","","","","","","","","","","","","",NA,NA,NA,NA,NA,NA,NA,NA,NA,NA,NA,NA,NA,NA,NA,NA,NA,NA,NA,NA,NA,NA,NA,NA,NA,NA,NA,NA,NA,NA,"ナイフのようで、心を深くえぐる","火の玉が燃えるように光っている","たどり着くのが難しく、到達すると満足感があるが、きつい","美麗に、飛びながら、華麗だ","洪水のように流れて、止まらず、せき止めることができない","激動的で、あらゆる者を取り込みながら、急に発生する","鋭利なナイフのようにシャープで、急所をつくかのようだ","吸うたびに危険性があり、人生が燃焼しているかのようだ","きれいで、丸まっていて、透明感がある","きれいで、透明感があり、宝石のようだ","ダークだ","はかなく倒れる","瞬間的に発生する","多くの人がいる","まるでぬいぐるみのようだ","判別不能だ","天空にそびえ立っている","透明感にあふれている","まるで人形のようだ","玉のような形をしている","エネルギーに満ち溢れ、止められない","膨大な疑念となり、とどまることがない","手順を踏んでいて、積み木のように重なっていく","柔らかい温風のようだ","鬼のように微動だにしない","キツイが、避けて通れない","変遷し、反芻する","義務で、周期的に払う必要のあるものだ","円形をしていて、血の色のようだ","誰にでも、フェアだ",2,2,1,1,2,1,2,1,1,2,1,1,1,1,2,1,1,1,2,2,1,1,2,2,2,1,1,1,2,1,"","","","","","","","","","","","","","","","","","","","","","","","","","","","","","",NA,NA,NA,NA,NA,NA,NA,NA,NA,NA,NA,NA,NA,NA,NA,NA,NA,NA,NA,NA,NA,NA,NA,NA,NA,NA,NA,NA,NA,NA,238516
"127",127,2,38,2,"","","","","","","","","","","","","","","","","","","","","","","","","","","","","","",NA,NA,NA,NA,NA,NA,NA,NA,NA,NA,NA,NA,NA,NA,NA,NA,NA,NA,NA,NA,NA,NA,NA,NA,NA,NA,NA,NA,NA,NA,"傷を抉って、切り裂き、打ちのめしてくる","円形で、光り、朱色だ","いばらの道で、やりがいがあり、困難だ","煌びやかで、飛び、派手だ","どこまでも続き、たゆたい、元に戻らない","ひどく、絡んでいき、急に勃発する","他人を切り刻み、抉り、打ちのめしていく","残りの命を減らし、辛く、発火する","麗しく、円形で、澄んでいる","麗しく、澄んでいて、きめが細かい","よどんでいる","壊れやすい","秒の世界だ","山のような人だかりだ","愛らしい","不明だ","天に向かってそびえている","透明だ","目に入れても痛くない","円形だ","動き続け、拡大の一途だ","丸々と太り、肥えていく","ステップアップしており、順序立っている","穏やかで、ぬくもりを感じる","雄大で、揺るがない","厳しいが、離れられない","気まぐれで、反復する","完済しなければならず、都度だ","円形で、朱色だ","フェアで、公正だ",1,1,1,1,1,1,1,1,1,1,1,1,2,2,1,1,1,1,2,1,1,1,1,1,1,1,1,1,1,1,"","","","","","","","","","","","","","","","","","","","","","","","","","","","","","",NA,NA,NA,NA,NA,NA,NA,NA,NA,NA,NA,NA,NA,NA,NA,NA,NA,NA,NA,NA,NA,NA,NA,NA,NA,NA,NA,NA,NA,NA,947095
